-- phpMyAdmin SQL Dump
-- version 5.2.1
-- https://www.phpmyadmin.net/
--
-- Host: 127.0.0.1
-- Generation Time: Dec 20, 2024 at 12:27 PM
-- Server version: 10.4.32-MariaDB
-- PHP Version: 8.2.12

SET SQL_MODE = "NO_AUTO_VALUE_ON_ZERO";
START TRANSACTION;
SET time_zone = "+00:00";


/*!40101 SET @OLD_CHARACTER_SET_CLIENT=@@CHARACTER_SET_CLIENT */;
/*!40101 SET @OLD_CHARACTER_SET_RESULTS=@@CHARACTER_SET_RESULTS */;
/*!40101 SET @OLD_COLLATION_CONNECTION=@@COLLATION_CONNECTION */;
/*!40101 SET NAMES utf8mb4 */;

--
-- Database: `car`
--

-- --------------------------------------------------------

--
-- Table structure for table `cars`
--

CREATE TABLE `cars` (
  `CarID` int(11) NOT NULL,
  `Make` varchar(50) NOT NULL,
  `Model` varchar(50) NOT NULL,
  `Year` int(11) NOT NULL,
  `Price` decimal(10,2) NOT NULL,
  `Stock` int(11) DEFAULT 0,
  `VIN` varchar(17) DEFAULT NULL
) ENGINE=InnoDB DEFAULT CHARSET=utf8mb4 COLLATE=utf8mb4_general_ci;

--
-- Dumping data for table `cars`
--

INSERT INTO `cars` (`CarID`, `Make`, `Model`, `Year`, `Price`, `Stock`, `VIN`) VALUES
(1, 'kia', 'Cerato', 2020, 21236.48, 19, '45670315434425113'),
(2, 'Opel', 'Astra', 2016, 32562.08, 19, '12566682532969940'),
(3, 'Toyota', 'Camry', 2020, 38823.73, 10, '32946829670933075'),
(4, 'Honda', 'CIVIC', 2022, 23167.62, 11, '22716171472945249'),
(5, 'Opel', 'Astra', 2018, 19030.88, 8, '69968198103160507'),
(6, 'Opel', 'Astra', 2015, 29308.47, 15, '10137952325618082'),
(7, 'Toyota', 'Camry', 2018, 20046.00, 14, '25584941939128564'),
(8, 'Ford', 'Mustang', 2022, 17834.27, 19, '18716106442122806'),
(9, 'Opel', 'Astra', 2016, 19950.28, 5, '72873057496171715'),
(10, 'Opel', 'Astra', 2021, 25503.84, 9, '83551679694272702'),
(11, 'Opel', 'Astra', 2022, 35575.32, 20, '96623675656232608'),
(12, 'Chevrolet', 'Malibu', 2021, 34583.80, 19, '99188388510565966'),
(13, 'GMC', 'YOKO', 2016, 23989.87, 13, '78922572851772182'),
(14, 'Honda', 'CIVIC', 2015, 20922.72, 15, '53254595885254517'),
(15, 'Opel', 'Astra', 2019, 20533.01, 12, '91217167611946324'),
(16, 'Toyota', 'Camry', 2022, 24013.20, 18, '48667122994589254'),
(17, 'Honda', 'CIVIC', 2016, 19544.46, 9, '98271154770418430'),
(18, 'Kia', 'Cerato', 2017, 16029.67, 9, '12526235318137747'),
(19, 'Kia', 'Optima', 2017, 29349.41, 6, '26124377934304633'),
(20, 'Audi', 'T1', 2017, 15723.18, 7, '74276271397081781'),
(21, 'Audi', 'T1', 2020, 27930.96, 16, '41757046945806161'),
(22, 'GMC', 'YOKO', 2022, 29334.18, 10, '52898280849099104'),
(23, 'Opel', 'Astra', 2017, 16080.25, 17, '43814822698870947'),
(24, 'Toyota', 'Camry', 2021, 37519.79, 14, '37878415206436139'),
(25, 'Toyota', 'Camry', 2022, 16344.64, 6, '14315954739614707'),
(26, 'Chevrolet', 'Malibu', 2021, 27373.31, 7, '38850491186619738'),
(27, 'Opel', 'Astra', 2018, 35054.88, 16, '79701687214613015'),
(28, 'Toyota', 'Camry', 2018, 39027.68, 11, '50581027042413138'),
(29, 'Toyota', 'Camry', 2021, 31586.80, 15, '24461585217631747'),
(30, 'Ford', 'Mustang', 2016, 16304.10, 9, '80401223200330330'),
(31, 'GMC', 'YOKO', 2017, 16997.42, 19, '27666927445375823'),
(32, 'Ford', 'Mustang', 2019, 36002.11, 14, '46902414376773377'),
(33, 'Audi', 'T1', 2018, 37422.36, 10, '48814919388138180'),
(34, 'Ford', 'Mustang', 2019, 39808.20, 13, '89249917412048817'),
(35, 'Opel', 'Corsa', 2019, 16238.14, 11, '65026489685131815'),
(36, 'Audi', 'T1', 2022, 24686.15, 17, '35333999164418703'),
(37, 'Chevrolet', 'Malibu', 2021, 34646.37, 5, '68138733677596762'),
(38, 'GMC', 'YOKO', 2022, 24381.46, 15, '46712592536089677'),
(39, 'Tesla', 'Model 3', 2022, 26163.15, 20, '74572558937892195'),
(40, 'Opel', 'Astra', 2016, 22811.60, 7, '69101370090229418'),
(41, 'Toyota', 'Camry', 2015, 39889.55, 5, '26757177538499183'),
(42, 'Opel', 'Astra', 2021, 32485.48, 7, '92688516001602979'),
(43, 'Opel', 'Astra', 2015, 31560.17, 13, '54834259248531525'),
(44, 'Audi', 'T1', 2022, 34982.48, 11, '14108212266615757'),
(45, 'Tesla', 'Model 3', 2020, 28365.16, 15, '38744158886961810'),
(46, 'Ford', 'Mustang', 2017, 30982.13, 8, '98282130089293703'),
(47, 'Chevrolet', 'Malibu', 2018, 31816.32, 6, '60276129311331015'),
(48, 'Kia', 'Cerato', 2017, 15643.22, 6, '85165357422698126'),
(49, 'Honda', 'Accord', 2018, 29879.13, 8, '30328459985396272'),
(50, 'Honda', 'CIVIC', 2017, 33839.68, 15, '14156222335037770'),
(51, 'Opel', 'Astra', 2019, 37040.56, 16, '78349151506472836'),
(52, 'Honda', 'CIVIC', 2018, 23568.37, 10, '37778901155469871'),
(53, 'Chevrolet', 'Malibu', 2018, 16505.56, 8, '57606893708654587'),
(54, 'Ford', 'Mustang', 2015, 22423.43, 19, '21281228007779215'),
(55, 'Ford', 'Mustang', 2020, 18918.95, 17, '99228456023934435'),
(56, 'Audi', 'T1', 2015, 26923.24, 19, '17838082409982767'),
(57, 'Tesla', 'Model 3', 2021, 40082.68, 12, '69549841578419543'),
(58, 'Kia', 'Optima', 2019, 38349.45, 15, '94055747644571080'),
(59, 'Opel', 'Corsa', 2018, 21686.10, 14, '74984891672747170'),
(60, 'Kia', 'Optima', 2017, 28182.19, 16, '24732847244201582'),
(61, 'Chevrolet', 'Malibu', 2018, 17697.61, 20, '32167694106943195'),
(62, 'Tesla', 'Model 3', 2020, 25152.45, 8, '19291066904189246'),
(63, 'Toyota', 'Camry', 2017, 33424.91, 12, '43687254395587854'),
(64, 'Kia', 'Cerato', 2021, 25168.24, 16, '68054361025476473'),
(65, 'Toyota', 'Camry', 2019, 38981.73, 10, '52425911548808967'),
(66, 'Opel', 'Astra', 2019, 25586.37, 20, '77764367463638875'),
(67, 'Audi', 'T1', 2020, 18070.98, 20, '13305666465570482'),
(68, 'GMC', 'YOKO', 2018, 24355.00, 17, '78791663177858028'),
(69, 'Toyota', 'Camry', 2020, 17976.92, 6, '16840392250625361'),
(70, 'Audi', 'T1', 2017, 18881.51, 20, '39284557209195826'),
(71, 'Kia', 'Optima', 2017, 24392.91, 9, '67621988061261899'),
(72, 'Chevrolet', 'Malibu', 2018, 38089.13, 17, '45419850320842478'),
(73, 'Toyota', 'Camry', 2016, 22349.97, 12, '91431079197248367'),
(74, 'Audi', 'T1', 2015, 32194.33, 20, '90150378559701081'),
(75, 'Kia', 'Cerato', 2020, 36150.45, 18, '72829435411184202'),
(76, 'Opel', 'Astra', 2015, 38269.57, 7, '18763191959269870'),
(77, 'Opel', 'Astra', 2018, 22634.66, 11, '52127224556033976'),
(78, 'Opel', 'Astra', 2020, 29542.89, 20, '31220838171578630'),
(79, 'GMC', 'YOKO', 2017, 41478.45, 8, '42656433010371837'),
(80, 'Honda', 'Accord', 2016, 22778.73, 18, '87508220950812357'),
(81, 'Opel', 'Astra', 2021, 28404.95, 13, '90592133173668638'),
(82, 'Opel', 'Corsa', 2015, 39427.35, 6, '81055017050453084'),
(83, 'GMC', 'YOKO', 2021, 30865.61, 5, '69348067109962890'),
(84, 'Opel', 'Corsa', 2015, 22245.10, 17, '73377216253262065'),
(85, 'Ford', 'Mustang', 2019, 40178.09, 13, '90238552640225619'),
(86, 'Kia', 'Optima', 2019, 20332.97, 6, '43756741945436162'),
(87, 'Ford', 'Mustang', 2019, 23970.63, 5, '26191139942385449'),
(88, 'Tesla', 'Model 3', 2022, 18905.72, 19, '71988344729186669'),
(89, 'Opel', 'Corsa', 2018, 26420.62, 20, '97232604206506502'),
(90, 'Opel', 'Astra', 2018, 33547.18, 16, '46225424137802499'),
(91, 'Kia', 'Optima', 2016, 31083.84, 14, '15222656021387392'),
(92, 'Honda', 'Accord', 2022, 21690.41, 10, '20663763119150525'),
(93, 'Opel', 'Corsa', 2021, 31378.73, 5, '13793098035272943'),
(94, 'Ford', 'Mustang', 2021, 40988.39, 8, '32892329504478431'),
(95, 'Honda', 'CIVIC', 2018, 27272.54, 14, '82378221372605891'),
(96, 'Ford', 'Mustang', 2018, 25059.83, 18, '95742474765515626'),
(97, 'Kia', 'Optima', 2020, 33568.61, 13, '23325420634836720'),
(98, 'Kia', 'Optima', 2017, 33937.26, 17, '60185001075261084'),
(99, 'Audi', 'T1', 2017, 24076.83, 15, '76935484542596952'),
(100, 'Honda', 'CIVIC', 2021, 32453.78, 5, '49635981635724911'),
(101, 'Opel', 'Corsa', 2015, 15839.21, 5, '20993559129234237'),
(102, 'Ford', 'Mustang', 2015, 27178.73, 19, '35430974039456045'),
(103, 'Opel', 'Astra', 2021, 29662.84, 9, '34070595813299705'),
(104, 'Honda', 'CIVIC', 2015, 19705.28, 12, '69845115920896050'),
(105, 'Opel', 'Corsa', 2019, 39601.55, 16, '42273969743980158'),
(106, 'Kia', 'Optima', 2022, 21424.02, 9, '89072784400376486'),
(107, 'Audi', 'T1', 2021, 24286.81, 20, '64240419539792198'),
(108, 'Toyota', 'Camry', 2018, 37065.52, 15, '79349316909524249'),
(109, 'Kia', 'Optima', 2022, 36007.47, 7, '28058205312958061'),
(110, 'Honda', 'CIVIC', 2018, 32898.09, 10, '28744626516612632'),
(111, 'Chevrolet', 'Malibu', 2018, 15780.78, 16, '28943175751196152'),
(112, 'Chevrolet', 'Malibu', 2015, 27282.41, 15, '16071478637154807'),
(113, 'Tesla', 'Model 3', 2021, 39638.94, 17, '71046101576658499'),
(114, 'Chevrolet', 'Malibu', 2020, 19607.93, 18, '27753153631621277'),
(115, 'Chevrolet', 'Malibu', 2016, 23199.55, 7, '98830134453343779'),
(116, 'Honda', 'Accord', 2015, 16153.07, 10, '91082240383224289'),
(117, 'Opel', 'Astra', 2015, 27289.34, 5, '87088582047934292'),
(118, 'Opel', 'Astra', 2020, 22545.13, 13, '82531986048007513'),
(119, 'Audi', 'T1', 2019, 30942.54, 11, '56154089163694266'),
(120, 'Kia', 'Optima', 2015, 27382.80, 15, '79504172081315295'),
(121, 'Opel', 'Astra', 2016, 31626.47, 12, '32905319343702932'),
(122, 'Opel', 'Astra', 2018, 26567.35, 12, '47897392126194876'),
(123, 'Ford', 'Mustang', 2021, 34026.63, 8, '90730618899058175'),
(124, 'Chevrolet', 'Malibu', 2018, 41457.71, 20, '78937197246016319'),
(125, 'Kia', 'Optima', 2015, 19557.67, 9, '99073396376392660'),
(126, 'Tesla', 'Model 3', 2019, 41250.52, 17, '25611615137386860'),
(127, 'Ford', 'Mustang', 2022, 41238.38, 19, '21594157992369879'),
(128, 'Honda', 'CIVIC', 2022, 35119.88, 8, '86460061022137445'),
(129, 'Chevrolet', 'Malibu', 2021, 36929.31, 8, '37954369845587523'),
(130, 'Kia', 'Optima', 2019, 37287.91, 6, '62801369932874977'),
(131, 'Honda', 'CIVIC', 2021, 27169.93, 5, '61279040583945479'),
(132, 'Chevrolet', 'Malibu', 2015, 24765.31, 12, '47991810618044254'),
(133, 'Opel', 'Astra', 2016, 31202.34, 10, '37451797399911834'),
(134, 'Kia', 'Optima', 2019, 36970.60, 18, '36619248443162326'),
(135, 'Kia', 'Cerato', 2020, 39376.46, 9, '12264883453124655'),
(136, 'Honda', 'CIVIC', 2015, 20708.10, 8, '46403172044789713'),
(137, 'Kia', 'Cerato', 2019, 28128.05, 14, '58907551758242773'),
(138, 'Tesla', 'Model 3', 2015, 33891.86, 19, '56389079234928517'),
(139, 'Kia', 'Cerato', 2015, 21156.40, 17, '16501000112216936'),
(140, 'Honda', 'Accord', 2015, 33628.89, 9, '48544044937374170'),
(141, 'Honda', 'Accord', 2017, 31474.55, 12, '19582108865636094'),
(142, 'Toyota', 'Camry', 2017, 27491.81, 16, '95340744485085346'),
(143, 'Opel', 'Corsa', 2018, 21039.55, 10, '41767675328982148'),
(144, 'GMC', 'YOKO', 2016, 25280.60, 13, '90190041623928090'),
(145, 'Chevrolet', 'Malibu', 2020, 32847.15, 14, '13259951342206356'),
(146, 'Ford', 'Mustang', 2018, 33192.22, 6, '47420121310153705'),
(147, 'Tesla', 'Model 3', 2018, 41506.32, 9, '71291885480248786'),
(148, 'Chevrolet', 'Malibu', 2022, 38079.69, 10, '55272098285593077'),
(149, 'Toyota', 'Camry', 2017, 19195.22, 6, '17378386924334351'),
(150, 'Kia', 'Optima', 2019, 26636.82, 15, '11248408937755976'),
(151, 'Kia', 'Optima', 2019, 37073.48, 17, '35115603002580395'),
(152, 'Opel', 'Astra', 2019, 32569.90, 12, '54232188268550267'),
(153, 'Chevrolet', 'Malibu', 2021, 34810.36, 17, '92444175068772932'),
(154, 'Toyota', 'Camry', 2017, 32052.15, 13, '42937276843000454'),
(155, 'GMC', 'YOKO', 2017, 17112.33, 15, '81083060737214822'),
(156, 'Honda', 'Accord', 2019, 17145.41, 5, '84143320440394946'),
(157, 'Tesla', 'Model 3', 2015, 30639.52, 15, '93323990231944763'),
(158, 'Tesla', 'Model 3', 2019, 39670.25, 10, '67896211655096195'),
(159, 'Opel', 'Corsa', 2016, 26131.83, 19, '33244466331022891'),
(160, 'Toyota', 'Camry', 2015, 22256.51, 9, '78842382077862288'),
(161, 'Honda', 'Accord', 2021, 33096.11, 12, '67186993422927881'),
(162, 'Honda', 'Accord', 2020, 39878.05, 16, '99863075733553969'),
(163, 'Ford', 'Mustang', 2016, 31336.77, 15, '11443125602966998'),
(164, 'Chevrolet', 'Malibu', 2021, 40941.46, 8, '11905766506197401'),
(165, 'Kia', 'Cerato', 2017, 23857.14, 11, '84404476140689293'),
(166, 'Chevrolet', 'Malibu', 2016, 34939.63, 9, '65363755995588394'),
(167, 'Kia', 'Cerato', 2020, 21211.00, 18, '99085938499194155'),
(168, 'GMC', 'YOKO', 2018, 34058.50, 20, '12480327939075029'),
(169, 'Toyota', 'Camry', 2019, 32989.57, 20, '33487894515174533'),
(170, 'GMC', 'YOKO', 2019, 20835.55, 11, '77213814964767697'),
(171, 'Chevrolet', 'Malibu', 2016, 23608.14, 10, '50560953205190005'),
(172, 'GMC', 'YOKO', 2019, 20481.37, 6, '22686830571049124'),
(173, 'Toyota', 'Camry', 2017, 35431.18, 5, '78556829190567152'),
(174, 'Opel', 'Astra', 2016, 35661.05, 18, '29768617653568538'),
(175, 'Chevrolet', 'Malibu', 2016, 30794.85, 19, '81574412611365791'),
(176, 'Tesla', 'Model 3', 2020, 30266.78, 16, '19036841616686021'),
(177, 'Honda', 'CIVIC', 2020, 38460.43, 11, '60862872996728701'),
(178, 'GMC', 'YOKO', 2020, 41323.64, 11, '82661795712725993'),
(179, 'Opel', 'Astra', 2016, 30100.44, 13, '73998970869126464'),
(180, 'Opel', 'Astra', 2020, 39930.19, 6, '29749235262650359'),
(181, 'Opel', 'Astra', 2018, 36222.60, 15, '44249152569705968'),
(182, 'Honda', 'CIVIC', 2017, 23673.29, 8, '59843259415315569'),
(183, 'Chevrolet', 'Malibu', 2018, 27455.94, 17, '74169218895181310'),
(184, 'Kia', 'Optima', 2022, 32215.49, 16, '79499351211909529'),
(185, 'Opel', 'Astra', 2017, 38311.62, 19, '55614546385609279'),
(186, 'Honda', 'CIVIC', 2015, 39557.09, 5, '20842451066682205'),
(187, 'Tesla', 'Model 3', 2020, 39023.64, 17, '82366561660818065'),
(188, 'Honda', 'Accord', 2019, 38810.14, 17, '28897838040241438'),
(189, 'Honda', 'CIVIC', 2021, 41112.32, 17, '36197944091794907'),
(190, 'GMC', 'YOKO', 2022, 41146.88, 20, '42418775242682506'),
(191, 'Audi', 'T1', 2020, 39162.52, 8, '91397877141545514'),
(192, 'Chevrolet', 'Malibu', 2021, 38808.15, 12, '68564835496985160'),
(193, 'GMC', 'YOKO', 2018, 25812.93, 10, '61680662509289941'),
(194, 'Honda', 'CIVIC', 2017, 37762.85, 18, '89664818848343723'),
(195, 'Honda', 'CIVIC', 2016, 25146.87, 11, '60849320552730686'),
(196, 'Opel', 'Astra', 2016, 36609.49, 20, '82946648496307582'),
(197, 'Kia', 'Cerato', 2019, 37842.02, 8, '49568188001448156'),
(198, 'Honda', 'CIVIC', 2016, 35355.14, 19, '74914653467789206'),
(199, 'Opel', 'Corsa', 2020, 17173.81, 19, '94947505308396966'),
(200, 'Ford', 'Mustang', 2015, 21510.93, 11, '68633885353064916'),
(201, 'Honda', 'Accord', 2018, 31580.10, 6, '93419173917004617'),
(202, 'Toyota', 'Camry', 2022, 23260.14, 15, '26043602960294022'),
(203, 'Toyota', 'Camry', 2020, 24876.98, 19, '30874541885598325'),
(204, 'Opel', 'Astra', 2021, 33527.35, 6, '79879828193263625'),
(205, 'Honda', 'Accord', 2016, 38063.30, 20, '37724859769812891'),
(206, 'Ford', 'Mustang', 2018, 37099.71, 12, '24817254582487918'),
(207, 'Opel', 'Corsa', 2019, 29103.11, 16, '90629972096557059'),
(208, 'Audi', 'T1', 2016, 31545.44, 18, '83870274473170635'),
(209, 'Kia', 'Optima', 2015, 31789.86, 16, '67294436764235346'),
(210, 'GMC', 'YOKO', 2016, 23541.70, 18, '55782759343219293'),
(211, 'Honda', 'Accord', 2017, 35713.95, 20, '17385403484136353'),
(212, 'Opel', 'Corsa', 2016, 20416.16, 17, '99828909938524934'),
(213, 'GMC', 'YOKO', 2022, 20313.68, 16, '41650338820027434'),
(214, 'Opel', 'Corsa', 2017, 21832.14, 20, '25994433190762666'),
(215, 'Honda', 'Accord', 2022, 32823.70, 19, '84172116934871814'),
(216, 'Chevrolet', 'Malibu', 2019, 17839.21, 6, '75154945849270152'),
(217, 'Opel', 'Astra', 2015, 21776.55, 11, '87328091067594612'),
(218, 'Opel', 'Astra', 2017, 38124.12, 16, '81125782850180415'),
(219, 'Honda', 'CIVIC', 2016, 37831.46, 6, '92252804452782557'),
(220, 'Kia', 'Cerato', 2018, 18242.64, 19, '49940722433218248'),
(221, 'Opel', 'Corsa', 2019, 39815.65, 18, '70516197217732145'),
(222, 'Opel', 'Astra', 2020, 41086.80, 11, '70176442263757519'),
(223, 'Tesla', 'Model 3', 2015, 28698.73, 13, '19993974032053655'),
(224, 'Tesla', 'Model 3', 2017, 31973.36, 13, '47154312685916591'),
(225, 'Opel', 'Astra', 2016, 26698.91, 20, '88529579396255677'),
(226, 'Audi', 'T1', 2015, 41174.66, 12, '80417267644953258'),
(227, 'Kia', 'Optima', 2021, 18688.34, 20, '25476404544008294'),
(228, 'Opel', 'Astra', 2017, 27051.27, 9, '94604637817663997'),
(229, 'Audi', 'T1', 2021, 25015.44, 10, '91759659389381704'),
(230, 'Toyota', 'Camry', 2022, 15708.14, 13, '30091531624166569'),
(231, 'Opel', 'Astra', 2015, 27913.01, 9, '66196868649519595'),
(232, 'Kia', 'Optima', 2016, 15993.23, 17, '99783435604193434'),
(233, 'Opel', 'Corsa', 2019, 17946.58, 8, '94485346092491360'),
(234, 'Ford', 'Mustang', 2016, 36799.08, 18, '76033235563482460'),
(235, 'Opel', 'Astra', 2016, 34923.92, 18, '91481407052609611'),
(236, 'Opel', 'Astra', 2021, 17130.16, 9, '31942259613991184'),
(237, 'Tesla', 'Model 3', 2017, 23471.23, 15, '26198162217242854'),
(238, 'Honda', 'CIVIC', 2018, 39181.72, 13, '29958157360960616'),
(239, 'Opel', 'Astra', 2016, 21899.46, 17, '38008175784005545'),
(240, 'Kia', 'Cerato', 2018, 19427.64, 11, '50807404476986369'),
(241, 'Honda', 'Accord', 2022, 38279.56, 12, '37195261430991653'),
(242, 'Kia', 'Cerato', 2019, 16994.43, 7, '83682932687592170'),
(243, 'Chevrolet', 'Malibu', 2017, 34652.74, 12, '14049160746626266'),
(244, 'Opel', 'Astra', 2016, 27674.66, 20, '68714888141840496'),
(245, 'Opel', 'Astra', 2018, 28241.41, 5, '94882295296607516'),
(246, 'Audi', 'T1', 2017, 34143.35, 18, '76612870436531858'),
(247, 'GMC', 'YOKO', 2022, 32969.61, 5, '93028892934755034'),
(248, 'Opel', 'Astra', 2015, 18147.18, 16, '26277718791097966'),
(249, 'Audi', 'T1', 2020, 32626.65, 16, '19532469021949815'),
(250, 'Kia', 'Cerato', 2021, 27270.65, 15, '88175710829121227'),
(251, 'Opel', 'Corsa', 2022, 39443.84, 9, '18445068791846530'),
(252, 'Ford', 'Mustang', 2016, 36196.17, 10, '41454771641548753'),
(253, 'GMC', 'YOKO', 2020, 30896.69, 13, '45381177871183905'),
(254, 'Chevrolet', 'Malibu', 2022, 39115.40, 11, '22528724254698612'),
(255, 'Kia', 'Optima', 2016, 21809.02, 5, '40675469955753151'),
(256, 'Opel', 'Astra', 2020, 15800.21, 17, '51116672963564415'),
(257, 'Kia', 'Optima', 2021, 27871.52, 5, '72980501042865701'),
(258, 'GMC', 'YOKO', 2015, 27947.24, 11, '52193038092310701'),
(259, 'Ford', 'Mustang', 2016, 15736.09, 20, '96141060455804017'),
(260, 'Kia', 'Optima', 2017, 27033.62, 14, '29805277939949723'),
(261, 'Chevrolet', 'Malibu', 2018, 37772.06, 7, '87550058086918821'),
(262, 'Honda', 'Accord', 2020, 25548.67, 13, '46446557647740260'),
(263, 'Honda', 'CIVIC', 2016, 26888.63, 20, '57368148885354394'),
(264, 'GMC', 'YOKO', 2016, 22640.91, 6, '18272310960070725'),
(265, 'Chevrolet', 'Malibu', 2022, 20268.77, 16, '63063855549697365'),
(266, 'Honda', 'Accord', 2016, 26630.43, 15, '36395092627801839'),
(267, 'GMC', 'YOKO', 2018, 35090.03, 18, '85432590682779295'),
(268, 'Chevrolet', 'Malibu', 2018, 41322.76, 20, '93104083081984595'),
(269, 'Toyota', 'Camry', 2020, 25304.69, 12, '94651581964611407'),
(270, 'Honda', 'Accord', 2022, 19303.45, 11, '69769758257163055'),
(271, 'Honda', 'CIVIC', 2020, 41173.97, 18, '15768328547552734'),
(272, 'Opel', 'Astra', 2020, 23939.60, 20, '33434972853171310'),
(273, 'GMC', 'YOKO', 2021, 25330.91, 16, '97787023885618520'),
(274, 'Opel', 'Astra', 2019, 41493.04, 5, '34531265084555795'),
(275, 'Opel', 'Astra', 2016, 29168.72, 7, '24010649610560513'),
(276, 'Opel', 'Astra', 2015, 36247.63, 12, '80374227499125184'),
(277, 'Tesla', 'Model 3', 2022, 19461.08, 9, '71203854896371895'),
(278, 'Ford', 'Mustang', 2015, 26235.96, 7, '52271256983115115'),
(279, 'Kia', 'Optima', 2016, 18773.15, 16, '22915845845614201'),
(280, 'Opel', 'Corsa', 2016, 19745.51, 9, '56951522718769224'),
(281, 'GMC', 'YOKO', 2016, 25018.00, 10, '54750412028251860'),
(282, 'Toyota', 'Camry', 2019, 41151.42, 7, '83283029916650501'),
(283, 'Kia', 'Optima', 2019, 29212.39, 9, '81909107860965092'),
(284, 'GMC', 'YOKO', 2018, 22336.66, 12, '52623171374954461'),
(285, 'Chevrolet', 'Malibu', 2021, 19330.44, 14, '53250735766880382'),
(286, 'Kia', 'Cerato', 2019, 32743.96, 10, '68302714024430918'),
(287, 'Chevrolet', 'Malibu', 2022, 37228.29, 12, '24195912811897996'),
(288, 'Honda', 'CIVIC', 2022, 19379.12, 14, '71865955110491929'),
(289, 'Opel', 'Astra', 2016, 21488.21, 7, '60812602848313770'),
(290, 'Kia', 'Cerato', 2019, 29591.14, 7, '49748477705732119'),
(291, 'Audi', 'T1', 2021, 40721.69, 20, '59648640532558904'),
(292, 'Honda', 'CIVIC', 2020, 22412.43, 5, '59350137570963038'),
(293, 'Tesla', 'Model 3', 2020, 40879.55, 8, '93056349861173738'),
(294, 'Opel', 'Corsa', 2020, 26212.75, 7, '94600239875878364'),
(295, 'Honda', 'CIVIC', 2022, 33433.66, 20, '21840133339107963'),
(296, 'Opel', 'Astra', 2021, 35641.10, 6, '29490772834617343'),
(297, 'Kia', 'Cerato', 2015, 20628.11, 5, '91450605511569635'),
(298, 'Honda', 'Accord', 2015, 22014.79, 11, '43759824119301925'),
(299, 'Tesla', 'Model 3', 2017, 27064.87, 12, '60567887308977870'),
(300, 'Tesla', 'Model 3', 2018, 18431.98, 8, '18676522350892459'),
(301, 'Opel', 'Corsa', 2020, 27836.54, 10, '26972354540650831'),
(302, 'Kia', 'Optima', 2020, 38890.85, 10, '35068860424126290'),
(303, 'Chevrolet', 'Malibu', 2020, 39242.24, 13, '52355153665740202'),
(304, 'Opel', 'Corsa', 2017, 26347.29, 12, '94108468505425356'),
(305, 'GMC', 'YOKO', 2017, 19677.72, 11, '49361789361211936'),
(306, 'Tesla', 'Model 3', 2020, 39839.93, 10, '92777803251130644'),
(307, 'Honda', 'CIVIC', 2016, 22302.32, 6, '50889781622087414'),
(308, 'Opel', 'Astra', 2021, 17503.12, 5, '64862368801815321'),
(309, 'GMC', 'YOKO', 2021, 17099.39, 17, '55352186263426835'),
(310, 'Kia', 'Cerato', 2018, 23613.48, 7, '17195935665071022'),
(311, 'Kia', 'Cerato', 2016, 40619.03, 17, '53374678619205760'),
(312, 'Chevrolet', 'Malibu', 2016, 39776.82, 5, '20572157295242982'),
(313, 'Kia', 'Optima', 2017, 18186.53, 15, '80957943702054928'),
(314, 'Honda', 'CIVIC', 2018, 40693.14, 13, '26745947627870067'),
(315, 'Chevrolet', 'Malibu', 2022, 16261.11, 15, '90938760788263019'),
(316, 'GMC', 'YOKO', 2022, 16752.56, 13, '28143357527923012'),
(317, 'Kia', 'Cerato', 2019, 25688.29, 19, '53751832571183881'),
(318, 'Honda', 'CIVIC', 2022, 20777.64, 19, '23013770256007784'),
(319, 'Kia', 'Cerato', 2018, 38030.78, 20, '78106274920563771'),
(320, 'Opel', 'Astra', 2017, 25619.24, 13, '78212595279843543'),
(321, 'Ford', 'Mustang', 2015, 41401.36, 18, '25344998012206801'),
(322, 'Toyota', 'Camry', 2022, 20795.31, 7, '28829262269849276'),
(323, 'Audi', 'T1', 2020, 20920.93, 11, '49491596200515241'),
(324, 'GMC', 'YOKO', 2017, 25589.46, 16, '21723481914591276'),
(325, 'Chevrolet', 'Malibu', 2021, 39256.74, 19, '32289520754429435'),
(326, 'Opel', 'Astra', 2021, 35606.05, 16, '88324495934394120'),
(327, 'GMC', 'YOKO', 2022, 16381.47, 13, '70436201672526662'),
(328, 'Ford', 'Mustang', 2020, 26616.50, 16, '95007495112065063'),
(329, 'Kia', 'Optima', 2017, 18501.41, 19, '88692221003439784'),
(330, 'Opel', 'Corsa', 2022, 22777.16, 11, '45130750234107410'),
(331, 'Honda', 'Accord', 2022, 28695.33, 17, '43267579243158322'),
(332, 'GMC', 'YOKO', 2020, 18562.22, 8, '95802723347428907'),
(333, 'GMC', 'YOKO', 2020, 22905.61, 18, '51153985217024669'),
(334, 'Opel', 'Corsa', 2018, 20840.71, 9, '78838730904886995'),
(335, 'Opel', 'Astra', 2018, 27547.63, 14, '48982453315481422'),
(336, 'Opel', 'Astra', 2015, 20250.70, 20, '46517187371468053'),
(337, 'Toyota', 'Camry', 2015, 39175.36, 15, '94686962295906944'),
(338, 'Kia', 'Cerato', 2020, 32443.72, 14, '44885819329570757'),
(339, 'Toyota', 'Camry', 2020, 27080.44, 10, '92877863696333573'),
(340, 'Opel', 'Astra', 2016, 36444.21, 11, '28879415462936358'),
(341, 'Audi', 'T1', 2018, 17374.99, 13, '33312476075392063'),
(342, 'Ford', 'Mustang', 2015, 17124.22, 19, '91078765434079660'),
(343, 'Opel', 'Corsa', 2020, 37125.21, 8, '41423034738402444'),
(344, 'Audi', 'T1', 2019, 37329.71, 11, '95279115210941075'),
(345, 'Kia', 'Optima', 2015, 33654.91, 13, '57177555384341643'),
(346, 'Honda', 'CIVIC', 2022, 21632.40, 17, '92823365845716709'),
(347, 'Tesla', 'Model 3', 2016, 40707.35, 9, '56773188119788446'),
(348, 'Honda', 'CIVIC', 2017, 16458.87, 13, '53418849898221569'),
(349, 'Opel', 'Astra', 2019, 31604.00, 12, '93176623965643760'),
(350, 'Opel', 'Corsa', 2019, 21068.16, 8, '13550303746043258'),
(351, 'Kia', 'Cerato', 2020, 28215.35, 9, '43768582394691816'),
(352, 'Opel', 'Corsa', 2015, 39121.24, 12, '49682724534424778'),
(353, 'Audi', 'T1', 2020, 26835.91, 17, '22585360383639864'),
(354, 'Opel', 'Astra', 2015, 18593.19, 8, '35580365055941223'),
(355, 'Kia', 'Optima', 2019, 25618.51, 8, '32069487878744588'),
(356, 'Honda', 'Accord', 2015, 41021.71, 11, '97656687365045383'),
(357, 'Opel', 'Astra', 2016, 25021.96, 6, '93064229770280047'),
(358, 'Honda', 'Accord', 2020, 25468.34, 11, '75882741496967865'),
(359, 'Toyota', 'Camry', 2017, 40197.60, 7, '81218000200233766'),
(360, 'Chevrolet', 'Malibu', 2022, 26137.46, 10, '29328830969775815'),
(361, 'Opel', 'Astra', 2020, 33497.26, 10, '99942720262286504'),
(362, 'Toyota', 'Camry', 2017, 29539.90, 15, '70550978805152898'),
(363, 'Kia', 'Optima', 2021, 18565.67, 15, '23002882054576471'),
(364, 'Opel', 'Corsa', 2018, 40755.11, 17, '28854906061690027'),
(365, 'Toyota', 'Camry', 2017, 22937.60, 7, '95740943019072188'),
(366, 'Opel', 'Astra', 2020, 27442.08, 7, '71185153674328136'),
(367, 'Honda', 'CIVIC', 2016, 35159.35, 15, '36786617423843162'),
(368, 'Kia', 'Cerato', 2020, 30128.64, 12, '48356654979655289'),
(369, 'GMC', 'YOKO', 2020, 21112.44, 6, '57932429369852640'),
(370, 'Audi', 'T1', 2016, 34665.78, 11, '71264640104349057'),
(371, 'Opel', 'Astra', 2019, 38774.52, 20, '38133797980544689'),
(372, 'Kia', 'Cerato', 2022, 37598.89, 8, '29318758656890893'),
(373, 'Honda', 'Accord', 2016, 32303.78, 10, '50781343358743169'),
(374, 'GMC', 'YOKO', 2019, 19868.17, 6, '96678973810130125'),
(375, 'Opel', 'Astra', 2018, 20438.87, 8, '93031135473213475'),
(376, 'Opel', 'Astra', 2019, 17987.79, 16, '33934662557521314'),
(377, 'Kia', 'Optima', 2020, 16928.80, 10, '35910003036072413'),
(378, 'Audi', 'T1', 2018, 39241.48, 16, '77232554363720848'),
(379, 'Ford', 'Mustang', 2019, 29049.47, 16, '80780200736667399'),
(380, 'Toyota', 'Camry', 2020, 39508.85, 17, '40666463639986315'),
(381, 'Opel', 'Astra', 2016, 37837.74, 10, '72781752669316756'),
(382, 'Opel', 'Astra', 2016, 38601.57, 16, '37304430241124383'),
(383, 'Opel', 'Corsa', 2019, 24818.77, 6, '32504035814045469'),
(384, 'Opel', 'Astra', 2017, 26342.77, 17, '79004243823448718'),
(385, 'Kia', 'Cerato', 2020, 32961.92, 8, '29036469007189087'),
(386, 'Honda', 'Accord', 2021, 16303.82, 19, '53784563299800036'),
(387, 'Toyota', 'Camry', 2019, 24194.67, 5, '95885527129133971'),
(388, 'Kia', 'Cerato', 2021, 28736.78, 9, '32101090314762763'),
(389, 'Opel', 'Astra', 2015, 17186.46, 17, '34522543608978829'),
(390, 'Audi', 'T1', 2019, 19889.25, 15, '46434651510259691'),
(391, 'Opel', 'Astra', 2021, 24921.45, 9, '92392852525236379'),
(392, 'Ford', 'Mustang', 2019, 25978.65, 16, '39304496860423838'),
(393, 'Opel', 'Astra', 2016, 28055.07, 20, '51796654478281709'),
(394, 'Honda', 'CIVIC', 2018, 39259.64, 10, '52061397582940261'),
(395, 'Chevrolet', 'Malibu', 2020, 34752.50, 8, '64250325768924324'),
(396, 'Honda', 'Accord', 2017, 37222.40, 18, '20219613349402658'),
(397, 'Opel', 'Astra', 2019, 32489.02, 13, '25752802002009705'),
(398, 'GMC', 'YOKO', 2020, 20946.89, 6, '39629655452623610'),
(399, 'GMC', 'YOKO', 2021, 38866.08, 7, '33710091513668015'),
(400, 'Honda', 'CIVIC', 2019, 36022.28, 6, '38470200451707503'),
(401, 'Opel', 'Astra', 2022, 38166.97, 10, '49543303781483311'),
(402, 'Honda', 'CIVIC', 2020, 25118.36, 5, '78424274880065558'),
(403, 'Honda', 'Accord', 2015, 15934.08, 14, '20244200102000485'),
(404, 'Toyota', 'Camry', 2019, 34410.10, 17, '84135169188592814'),
(405, 'Toyota', 'Camry', 2018, 21839.30, 13, '82317057307742765'),
(406, 'Chevrolet', 'Malibu', 2015, 37792.16, 17, '51862349105408182'),
(407, 'Kia', 'Cerato', 2021, 35762.00, 15, '32181542274029969'),
(408, 'Chevrolet', 'Malibu', 2020, 31766.13, 12, '18323232192745796'),
(409, 'Opel', 'Astra', 2015, 21223.30, 14, '25904905755410448'),
(410, 'Kia', 'Cerato', 2022, 40190.72, 8, '92863067432949341'),
(411, 'Honda', 'CIVIC', 2021, 22581.02, 5, '50924170993724772'),
(412, 'GMC', 'YOKO', 2017, 38756.94, 10, '35648734104768078'),
(413, 'Kia', 'Cerato', 2022, 18852.11, 13, '58242509893235142'),
(414, 'Toyota', 'Camry', 2016, 21387.26, 14, '76243218373740670'),
(415, 'Tesla', 'Model 3', 2021, 30889.81, 8, '19041799272733039'),
(416, 'Opel', 'Astra', 2019, 41578.51, 19, '79335250470228972'),
(417, 'Kia', 'Optima', 2021, 33298.59, 11, '84540233621382103'),
(418, 'Kia', 'Optima', 2015, 34043.20, 15, '58539778519924781'),
(419, 'Opel', 'Corsa', 2015, 25993.40, 19, '88978961041057171'),
(420, 'Opel', 'Astra', 2015, 39409.53, 17, '65811408529415490'),
(421, 'Opel', 'Corsa', 2020, 19333.50, 6, '66188271665659959'),
(422, 'Ford', 'Mustang', 2015, 26105.29, 20, '30263170525103227'),
(423, 'Kia', 'Cerato', 2019, 17963.46, 17, '53376491144170390'),
(424, 'Kia', 'Cerato', 2019, 36061.31, 18, '34504817168004886'),
(425, 'Opel', 'Corsa', 2021, 20246.49, 18, '33855141607895953'),
(426, 'GMC', 'YOKO', 2015, 26743.92, 20, '98812720646514325'),
(427, 'GMC', 'YOKO', 2019, 37096.57, 6, '54484595051014361'),
(428, 'Opel', 'Corsa', 2019, 25421.43, 5, '60177832208988470'),
(429, 'Toyota', 'Camry', 2019, 21839.58, 19, '43935919084301369'),
(430, 'Opel', 'Astra', 2018, 40507.67, 12, '51486263787099472'),
(431, 'Opel', 'Astra', 2018, 37889.07, 12, '27414412714008935'),
(432, 'Toyota', 'Camry', 2017, 24470.44, 6, '65209801551742496'),
(433, 'Kia', 'Cerato', 2019, 16452.17, 20, '12512808743437010'),
(434, 'Kia', 'Optima', 2019, 19709.97, 10, '42622752714463568'),
(435, 'Kia', 'Cerato', 2019, 35890.69, 20, '37932742088524625'),
(436, 'Chevrolet', 'Malibu', 2018, 39909.50, 18, '14049717646385646'),
(437, 'Chevrolet', 'Malibu', 2016, 22772.88, 18, '46814646680720724'),
(438, 'Opel', 'Astra', 2020, 17883.08, 7, '84793344408417765'),
(439, 'GMC', 'YOKO', 2016, 36412.08, 18, '69652005001886637'),
(440, 'Opel', 'Astra', 2017, 29601.69, 19, '84162876050399839'),
(441, 'Honda', 'CIVIC', 2016, 33956.84, 10, '13116854175093471'),
(442, 'Kia', 'Cerato', 2020, 34558.46, 20, '30123681418369974'),
(443, 'Opel', 'Astra', 2022, 22129.01, 16, '14843468867083059'),
(444, 'Honda', 'CIVIC', 2021, 34578.03, 17, '96336478247009900'),
(445, 'Opel', 'Astra', 2016, 18686.52, 10, '62759342760452444'),
(446, 'Opel', 'Astra', 2019, 19476.92, 14, '50563959036653780'),
(447, 'Honda', 'Accord', 2019, 38393.59, 12, '45343426979329180'),
(448, 'Honda', 'Accord', 2022, 20660.10, 10, '21988485261293174'),
(449, 'Opel', 'Astra', 2016, 30667.89, 13, '94466291776628265'),
(450, 'Opel', 'Astra', 2015, 26169.22, 5, '19343944097099754'),
(451, 'Tesla', 'Model 3', 2018, 39409.24, 12, '91591410294225299'),
(452, 'Opel', 'Astra', 2018, 16417.66, 5, '53724102565633251'),
(453, 'Audi', 'T1', 2016, 22619.30, 6, '95561840770444401'),
(454, 'Honda', 'Accord', 2018, 20234.83, 6, '13348813799161386'),
(455, 'Opel', 'Astra', 2022, 19594.93, 16, '99283152500482114'),
(456, 'Kia', 'Cerato', 2018, 34959.21, 13, '82907361237347711'),
(457, 'Audi', 'T1', 2018, 40659.61, 10, '21302492217961067'),
(458, 'Ford', 'Mustang', 2019, 36039.16, 10, '99695975838667451'),
(459, 'Audi', 'T1', 2022, 32346.20, 11, '95122882149671851'),
(460, 'Honda', 'Accord', 2020, 18837.44, 19, '76664513372206107'),
(461, 'Honda', 'CIVIC', 2018, 34215.26, 10, '84502238281610230'),
(462, 'GMC', 'YOKO', 2022, 24707.07, 12, '55142961923673340'),
(463, 'Chevrolet', 'Malibu', 2015, 26327.97, 20, '65059753695965274'),
(464, 'Toyota', 'Camry', 2022, 39482.50, 6, '44228399784976105'),
(465, 'Opel', 'Astra', 2016, 40836.37, 8, '79935791557842366'),
(466, 'Toyota', 'Camry', 2022, 32784.57, 15, '47131291536040047'),
(467, 'Toyota', 'Camry', 2021, 26332.89, 16, '87915901325780114'),
(468, 'Honda', 'Accord', 2019, 22017.11, 7, '72880946465766356'),
(469, 'Chevrolet', 'Malibu', 2019, 23545.40, 7, '99901327977381009'),
(470, 'Ford', 'Mustang', 2015, 17970.09, 11, '47739817743035480'),
(471, 'Opel', 'Astra', 2019, 26954.33, 5, '29822104661974017'),
(472, 'Tesla', 'Model 3', 2018, 17086.31, 12, '66862118505691875'),
(473, 'Tesla', 'Model 3', 2015, 41129.72, 7, '49675179248832546'),
(474, 'Tesla', 'Model 3', 2017, 25048.20, 16, '85955064817204007'),
(475, 'Audi', 'T1', 2020, 20180.93, 10, '72673190014507064'),
(476, 'Audi', 'T1', 2021, 29056.20, 15, '54220487505870181'),
(477, 'Honda', 'Accord', 2022, 26074.81, 7, '29469981055406120'),
(478, 'Honda', 'CIVIC', 2016, 30805.02, 6, '24595310540755296'),
(479, 'Opel', 'Corsa', 2022, 38259.74, 7, '70753933373681065'),
(480, 'Kia', 'Optima', 2018, 27731.37, 20, '75341940031266123'),
(481, 'Kia', 'Optima', 2015, 30910.08, 19, '60826676450551879'),
(482, 'Honda', 'CIVIC', 2022, 23508.86, 8, '69906077197590481'),
(483, 'Kia', 'Optima', 2015, 21129.19, 17, '85368350834986522'),
(484, 'Opel', 'Astra', 2016, 18434.20, 7, '69156199560013693'),
(485, 'Kia', 'Cerato', 2020, 18691.26, 9, '38070484434498227'),
(486, 'Opel', 'Astra', 2016, 27396.17, 17, '77578267940414792'),
(487, 'Audi', 'T1', 2019, 24856.88, 12, '21925185469971681'),
(488, 'Kia', 'Cerato', 2016, 40139.09, 12, '31336727128483993'),
(489, 'Opel', 'Astra', 2019, 27527.17, 13, '65339020479533638'),
(490, 'Kia', 'Cerato', 2021, 17530.35, 5, '91395090536160100'),
(491, 'Tesla', 'Model 3', 2015, 41079.59, 11, '13727084170271251'),
(492, 'GMC', 'YOKO', 2015, 21458.57, 7, '45583968975347411'),
(493, 'Ford', 'Mustang', 2021, 24165.44, 5, '65487445322927141'),
(494, 'Ford', 'Mustang', 2016, 16847.24, 11, '22000276326672377'),
(495, 'Opel', 'Corsa', 2015, 20551.45, 11, '23730788948305958'),
(496, 'Honda', 'CIVIC', 2022, 23532.41, 9, '36901139897729942'),
(497, 'Honda', 'CIVIC', 2015, 41616.84, 18, '45975503488857040'),
(498, 'Tesla', 'Model 3', 2021, 27830.76, 8, '68818746934690109'),
(499, 'Opel', 'Astra', 2021, 27358.03, 5, '96327904675658936'),
(500, 'GMC', 'YOKO', 2020, 17766.97, 5, '78539841271249307'),
(501, 'Tesla', 'Model 3', 2021, 35951.81, 13, '41654448218185982'),
(502, 'Opel', 'Corsa', 2017, 15856.44, 7, '44909484688051994'),
(503, 'Honda', 'CIVIC', 2015, 29823.78, 7, '65503487091454092'),
(504, 'Opel', 'Astra', 2018, 20715.65, 12, '48394012258229142'),
(505, 'Kia', 'Optima', 2016, 24454.01, 19, '82987487079372818'),
(506, 'Opel', 'Astra', 2016, 18874.70, 14, '25567112883518711'),
(507, 'Kia', 'Cerato', 2022, 26980.48, 20, '70462445084809430'),
(508, 'Opel', 'Corsa', 2021, 39136.38, 16, '39738899128640955'),
(509, 'Audi', 'T1', 2017, 25516.82, 10, '27984128431852012'),
(510, 'Opel', 'Corsa', 2021, 18194.48, 14, '74662289749723537'),
(511, 'Toyota', 'Camry', 2022, 24936.80, 5, '19578487740459904'),
(512, 'Tesla', 'Model 3', 2021, 35557.56, 17, '11980264403262536'),
(513, 'Toyota', 'Camry', 2021, 27342.28, 12, '32029091324256456'),
(514, 'Honda', 'CIVIC', 2015, 16088.18, 19, '81265276602534084'),
(515, 'Toyota', 'Camry', 2019, 17538.17, 5, '46127436009994110'),
(516, 'Toyota', 'Camry', 2020, 33232.00, 15, '40870441244234499'),
(517, 'Kia', 'Optima', 2016, 31197.05, 7, '98876735416383659'),
(518, 'Honda', 'CIVIC', 2018, 25376.82, 6, '83857735796205796'),
(519, 'Kia', 'Cerato', 2017, 38185.37, 18, '81480883420825517'),
(520, 'Ford', 'Mustang', 2021, 21384.00, 15, '79162267840981485'),
(521, 'GMC', 'YOKO', 2021, 22827.71, 10, '68910142862736456'),
(522, 'GMC', 'YOKO', 2019, 16008.07, 10, '96725450296472878'),
(523, 'Honda', 'CIVIC', 2022, 26027.12, 10, '52647673455656697'),
(524, 'Ford', 'Mustang', 2015, 37414.91, 16, '98242576999786027'),
(525, 'Tesla', 'Model 3', 2018, 20387.47, 15, '42073510977317019'),
(526, 'Opel', 'Astra', 2020, 16944.53, 10, '69015217149357031'),
(527, 'Toyota', 'Camry', 2019, 39292.19, 20, '80919164041934267'),
(528, 'GMC', 'YOKO', 2021, 37077.56, 20, '98074079667248950'),
(529, 'Honda', 'CIVIC', 2018, 39857.91, 7, '73441209107572224'),
(530, 'Kia', 'Cerato', 2020, 18569.84, 15, '63433158961901090'),
(531, 'Opel', 'Astra', 2020, 23394.09, 16, '80612116493530321'),
(532, 'Opel', 'Astra', 2020, 22557.13, 9, '45861010537169588'),
(533, 'Ford', 'Mustang', 2015, 32340.22, 15, '43689538321079230'),
(534, 'Opel', 'Corsa', 2019, 23818.58, 14, '15178896270595726'),
(535, 'Toyota', 'Camry', 2016, 33501.65, 7, '76748928087056172'),
(536, 'Audi', 'T1', 2017, 34636.92, 6, '59951806659805075'),
(537, 'Opel', 'Astra', 2020, 17675.32, 20, '21713308898259580'),
(538, 'Kia', 'Optima', 2020, 38276.47, 6, '81455157530239410'),
(539, 'Opel', 'Astra', 2019, 30053.09, 15, '58456003373832189'),
(540, 'Honda', 'CIVIC', 2019, 36068.25, 10, '29823621910486200'),
(541, 'Honda', 'Accord', 2020, 37836.83, 12, '71263618287870443'),
(542, 'Honda', 'Accord', 2017, 34752.93, 6, '12382882050047412'),
(543, 'Ford', 'Mustang', 2020, 30284.22, 9, '86406887737271374'),
(544, 'Kia', 'Optima', 2019, 39994.54, 10, '78094343922295772'),
(545, 'Honda', 'CIVIC', 2018, 18592.02, 13, '75759334792736526'),
(546, 'Toyota', 'Camry', 2020, 33719.36, 5, '17802946950112987'),
(547, 'Ford', 'Mustang', 2015, 34550.78, 7, '30992457902633896'),
(548, 'Honda', 'Accord', 2021, 29886.93, 16, '35869527973525444'),
(549, 'Chevrolet', 'Malibu', 2021, 17149.95, 20, '27151000733375871'),
(550, 'Opel', 'Corsa', 2018, 22142.11, 9, '54837650955367706'),
(551, 'GMC', 'YOKO', 2021, 29039.47, 10, '88528913814999149'),
(552, 'Kia', 'Cerato', 2017, 33006.97, 6, '88473078250399532'),
(553, 'Tesla', 'Model 3', 2021, 19771.34, 20, '96129549698954822'),
(554, 'Honda', 'CIVIC', 2020, 25531.11, 17, '14150871514867361'),
(555, 'Opel', 'Astra', 2016, 31301.68, 18, '22716539919859787'),
(556, 'GMC', 'YOKO', 2019, 39514.10, 12, '41389020480931228'),
(557, 'Opel', 'Corsa', 2019, 34005.29, 6, '15195924356469179'),
(558, 'Tesla', 'Model 3', 2019, 39789.37, 20, '36038400719564923'),
(559, 'Honda', 'CIVIC', 2020, 40355.73, 11, '35312064531627986'),
(560, 'Kia', 'Optima', 2018, 18106.94, 16, '80454196374853660'),
(561, 'Honda', 'CIVIC', 2022, 29838.83, 16, '42390989368059600'),
(562, 'GMC', 'YOKO', 2015, 39946.83, 18, '23042148642622875'),
(563, 'Honda', 'CIVIC', 2015, 29739.92, 11, '95516791657470164'),
(564, 'Opel', 'Astra', 2017, 34346.36, 12, '38402334426048959'),
(565, 'Honda', 'Accord', 2020, 35274.84, 8, '68697772834990264'),
(566, 'Kia', 'Cerato', 2015, 27179.08, 17, '11996502445504577'),
(567, 'Audi', 'T1', 2016, 24887.72, 8, '14453977204475052'),
(568, 'Opel', 'Astra', 2019, 21002.26, 11, '50638304763546056'),
(569, 'Kia', 'Cerato', 2016, 16507.05, 20, '13465843855097610'),
(570, 'GMC', 'YOKO', 2016, 23361.08, 12, '57997102923550995'),
(571, 'Ford', 'Mustang', 2016, 26887.93, 19, '43472357572772279'),
(572, 'Tesla', 'Model 3', 2020, 28039.84, 6, '35897199646496102'),
(573, 'Ford', 'Mustang', 2016, 40949.26, 12, '34311522953861495'),
(574, 'Ford', 'Mustang', 2021, 34220.51, 5, '33786122297944504'),
(575, 'Kia', 'Optima', 2017, 38118.29, 13, '71173319238545628'),
(576, 'Kia', 'Cerato', 2022, 29181.11, 6, '10659004411492960'),
(577, 'Chevrolet', 'Malibu', 2016, 34621.91, 11, '66572363850597056'),
(578, 'Kia', 'Cerato', 2020, 21251.76, 9, '47075471767853509'),
(579, 'Chevrolet', 'Malibu', 2017, 19123.21, 6, '57375967843682023'),
(580, 'Honda', 'Accord', 2018, 30964.66, 5, '16136531937047532'),
(581, 'Opel', 'Corsa', 2020, 17610.80, 16, '54055325974537267'),
(582, 'Chevrolet', 'Malibu', 2018, 16686.95, 10, '30853642634271997'),
(583, 'Tesla', 'Model 3', 2017, 38574.23, 16, '57430270922499547'),
(584, 'Kia', 'Optima', 2018, 15889.93, 18, '24586197522849838'),
(585, 'Kia', 'Cerato', 2022, 28278.32, 15, '99401634706994029'),
(586, 'Chevrolet', 'Malibu', 2021, 17780.93, 10, '85092685149551342'),
(587, 'Kia', 'Cerato', 2018, 33941.07, 18, '65599444329005358'),
(588, 'Opel', 'Astra', 2016, 34608.83, 19, '67649184164210301'),
(589, 'Toyota', 'Camry', 2019, 17179.76, 6, '95808782774007165'),
(590, 'Ford', 'Mustang', 2015, 18428.38, 9, '40809001606483920'),
(591, 'Chevrolet', 'Malibu', 2017, 35865.35, 20, '63545221495212885'),
(592, 'Honda', 'Accord', 2021, 38445.98, 9, '29760468800055936'),
(593, 'Kia', 'Optima', 2022, 20213.36, 15, '90644762832754345'),
(594, 'Opel', 'Corsa', 2017, 30828.24, 8, '21914238996850184'),
(595, 'Opel', 'Astra', 2022, 34764.54, 15, '45955379427818546'),
(596, 'Tesla', 'Model 3', 2020, 27208.40, 11, '27888466747110077'),
(597, 'Honda', 'CIVIC', 2020, 19138.34, 19, '94124642763153446'),
(598, 'Kia', 'Optima', 2015, 35294.70, 7, '81456890098322644'),
(599, 'Ford', 'Mustang', 2019, 36181.35, 17, '50896050790827269'),
(606, '1dd', 'dd', 11, 1.00, 1, '11'),
(615, 'ff', 'ff', 33, 33.00, 3, '33444444444444444'),
(616, 'g', 'g', 4, 4.00, 4, '44444444444444444'),
(617, 'kia', 'rami', 12313, 123123.00, 123123, '12344448944445678'),
(618, 'Opl', 'kia', 8990, 90.00, 999, '33233478686567777'),
(620, 'ff', 'fffff', 44444, 2.00, 2, '32322322222222222'),
(621, 'fff', 'fffff', 4444, 3333.00, 333, '88888888888888888');

-- --------------------------------------------------------

--
-- Table structure for table `customers`
--

CREATE TABLE `customers` (
  `CustomerID` int(11) NOT NULL,
  `FirstName` varchar(50) NOT NULL,
  `LastName` varchar(50) NOT NULL,
  `Email` varchar(100) DEFAULT NULL,
  `Phone` varchar(15) DEFAULT NULL,
  `Address` varchar(100) DEFAULT NULL,
  `City` varchar(50) DEFAULT NULL,
  `State` varchar(50) DEFAULT NULL,
  `ZipCode` varchar(10) DEFAULT NULL
) ENGINE=InnoDB DEFAULT CHARSET=utf8mb4 COLLATE=utf8mb4_general_ci;

--
-- Dumping data for table `customers`
--

INSERT INTO `customers` (`CustomerID`, `FirstName`, `LastName`, `Email`, `Phone`, `Address`, `City`, `State`, `ZipCode`) VALUES
(1, 'First1', 'Last1', 'customer1@example.com', '418-7777', '138 Main St', 'City1', 'State1', '86012'),
(2, 'First2', 'Last2', 'customer2@example.com', '928-5098', '360 Main St', 'City2', 'State2', '78213'),
(3, 'First3', 'Last3', 'customer3@example.com', '634-7777', '230 Main St', 'City3', 'State3', '2458'),
(4, 'First4', 'Last4', 'customer4@example.com', '382-8888', '708 Main St', 'City4', 'State4', '84955'),
(5, 'First5', 'Last5', 'customer5@example.com', '583-5117', '119 Main St', 'City5', 'State0', '30685'),
(6, 'First6', 'Last6', 'customer6@example.com', '820-7595', '331 Main St', 'City6', 'State1', '75070'),
(7, 'First7', 'Last7', 'customer7@example.com', '720-9571', '914 Main St', 'City7', 'State2', '16309'),
(8, 'First8', 'Last8', 'customer8@example.com', '915-6859', '400 Main St', 'City8', 'State3', '32990'),
(9, 'First9', 'Last9', 'customer9@example.com', '526-2550', '700 Main St', 'City9', 'State4', '38635'),
(10, 'First10', 'Last10', 'customer10@example.com', '509-8038', '161 Main St', 'City0', 'State0', '70409'),
(11, 'First11', 'Last11', 'customer11@example.com', '138-7922', '615 Main St', 'City1', 'State1', '18280'),
(12, 'First12', 'Last12', 'customer12@example.com', '570-5868', '477 Main St', 'City2', 'State2', '54582'),
(13, 'First13', 'Last13', 'customer13@example.com', '874-8671', '794 Main St', 'City3', 'State3', '28398'),
(14, 'First14', 'Last14', 'customer14@example.com', '917-6093', '402 Main St', 'City4', 'State4', '52083'),
(15, 'First15', 'Last15', 'customer15@example.com', '247-2913', '852 Main St', 'City5', 'State0', '92538'),
(16, 'First16', 'Last16', 'customer16@example.com', '242-1583', '104 Main St', 'City6', 'State1', '80008'),
(17, 'First17', 'Last17', 'customer17@example.com', '213-6475', '119 Main St', 'City7', 'State2', '25113'),
(18, 'First18', 'Last18', 'customer18@example.com', '985-7295', '774 Main St', 'City8', 'State3', '41723'),
(19, 'First19', 'Last19', 'customer19@example.com', '528-5163', '772 Main St', 'City9', 'State4', '86737'),
(20, 'First20', 'Last20', 'customer20@example.com', '268-2999', '611 Main St', 'City0', 'State0', '75835'),
(21, 'First21', 'Last21', 'customer21@example.com', '800-7862', '840 Main St', 'City1', 'State1', '18740'),
(22, 'First22', 'Last22', 'customer22@example.com', '216-3141', '901 Main St', 'City2', 'State2', '83203'),
(23, 'First23', 'Last23', 'customer23@example.com', '568-7934', '525 Main St', 'City3', 'State3', '29346'),
(24, 'First24', 'Last24', 'customer24@example.com', '710-5474', '967 Main St', 'City4', 'State4', '68664'),
(25, 'First25', 'Last25', 'customer25@example.com', '113-1148', '585 Main St', 'City5', 'State0', '84630'),
(26, 'First26', 'Last26', 'customer26@example.com', '548-4357', '912 Main St', 'City6', 'State1', '50853'),
(27, 'First27', 'Last27', 'customer27@example.com', '999-3094', '131 Main St', 'City7', 'State2', '52670'),
(28, 'First28', 'Last28', 'customer28@example.com', '540-2859', '121 Main St', 'City8', 'State3', '27512'),
(29, 'First29', 'Last29', 'customer29@example.com', '313-8907', '545 Main St', 'City9', 'State4', '54529'),
(30, 'First30', 'Last30', 'customer30@example.com', '879-9669', '540 Main St', 'City0', 'State0', '13764'),
(31, 'First31', 'Last31', 'customer31@example.com', '764-8286', '380 Main St', 'City1', 'State1', '62596'),
(32, 'First32', 'Last32', 'customer32@example.com', '924-9517', '709 Main St', 'City2', 'State2', '55827'),
(33, 'First33', 'Last33', 'customer33@example.com', '271-6339', '524 Main St', 'City3', 'State3', '22934'),
(34, 'First34', 'Last34', 'customer34@example.com', '851-3306', '269 Main St', 'City4', 'State4', '41403'),
(35, 'First35', 'Last35', 'customer35@example.com', '395-7790', '288 Main St', 'City5', 'State0', '13140'),
(36, 'First36', 'Last36', 'customer36@example.com', '595-9398', '438 Main St', 'City6', 'State1', '29013'),
(37, 'First37', 'Last37', 'customer37@example.com', '494-5331', '748 Main St', 'City7', 'State2', '71339'),
(38, 'First38', 'Last38', 'customer38@example.com', '414-7651', '664 Main St', 'City8', 'State3', '19014'),
(39, 'First39', 'Last39', 'customer39@example.com', '360-8475', '802 Main St', 'City9', 'State4', '40343'),
(40, 'First40', 'Last40', 'customer40@example.com', '252-7287', '125 Main St', 'City0', 'State0', '66048'),
(41, 'First41', 'Last41', 'customer41@example.com', '848-6867', '232 Main St', 'City1', 'State1', '75970'),
(42, 'First42', 'Last42', 'customer42@example.com', '992-7569', '870 Main St', 'City2', 'State2', '15970'),
(43, 'First43', 'Last43', 'customer43@example.com', '679-6647', '825 Main St', 'City3', 'State3', '43491'),
(44, 'First44', 'Last44', 'customer44@example.com', '966-3499', '835 Main St', 'City4', 'State4', '76313'),
(45, 'First45', 'Last45', 'customer45@example.com', '882-1769', '145 Main St', 'City5', 'State0', '18933'),
(46, 'First46', 'Last46', 'customer46@example.com', '524-4770', '480 Main St', 'City6', 'State1', '71594'),
(47, 'First47', 'Last47', 'customer47@example.com', '330-3122', '938 Main St', 'City7', 'State2', '60415'),
(48, 'First48', 'Last48', 'customer48@example.com', '935-6107', '180 Main St', 'City8', 'State3', '82220'),
(49, 'First49', 'Last49', 'customer49@example.com', '527-4399', '506 Main St', 'City9', 'State4', '36566'),
(50, 'First50', 'Last50', 'customer50@example.com', '890-5073', '669 Main St', 'City0', 'State0', '83689'),
(51, 'First51', 'Last51', 'customer51@example.com', '404-9308', '289 Main St', 'City1', 'State1', '43454'),
(52, 'First52', 'Last52', 'customer52@example.com', '925-5728', '336 Main St', 'City2', 'State2', '96134'),
(53, 'First53', 'Last53', 'customer53@example.com', '614-9174', '918 Main St', 'City3', 'State3', '96448'),
(54, 'First54', 'Last54', 'customer54@example.com', '141-2671', '640 Main St', 'City4', 'State4', '87967'),
(55, 'First55', 'Last55', 'customer55@example.com', '376-3454', '241 Main St', 'City5', 'State0', '99976'),
(56, 'First56', 'Last56', 'customer56@example.com', '417-8597', '333 Main St', 'City6', 'State1', '26656'),
(57, 'First57', 'Last57', 'customer57@example.com', '610-9373', '463 Main St', 'City7', 'State2', '36971'),
(58, 'First58', 'Last58', 'customer58@example.com', '795-9390', '664 Main St', 'City8', 'State3', '53313'),
(59, 'First59', 'Last59', 'customer59@example.com', '949-8297', '525 Main St', 'City9', 'State4', '82218'),
(60, 'First60', 'Last60', 'customer60@example.com', '437-8006', '509 Main St', 'City0', 'State0', '66899'),
(61, 'First61', 'Last61', 'customer61@example.com', '749-4198', '115 Main St', 'City1', 'State1', '76563'),
(62, 'First62', 'Last62', 'customer62@example.com', '801-8987', '227 Main St', 'City2', 'State2', '22118'),
(63, 'First63', 'Last63', 'customer63@example.com', '218-4731', '442 Main St', 'City3', 'State3', '31386'),
(64, 'First64', 'Last64', 'customer64@example.com', '997-8117', '181 Main St', 'City4', 'State4', '36996'),
(65, 'First65', 'Last65', 'customer65@example.com', '560-7167', '766 Main St', 'City5', 'State0', '14663'),
(66, 'First66', 'Last66', 'customer66@example.com', '436-2800', '568 Main St', 'City6', 'State1', '44577'),
(67, 'First67', 'Last67', 'customer67@example.com', '434-1947', '923 Main St', 'City7', 'State2', '29769'),
(68, 'First68', 'Last68', 'customer68@example.com', '601-8642', '404 Main St', 'City8', 'State3', '35181'),
(69, 'First69', 'Last69', 'customer69@example.com', '924-2747', '887 Main St', 'City9', 'State4', '40289'),
(70, 'First70', 'Last70', 'customer70@example.com', '704-4164', '939 Main St', 'City0', 'State0', '31738'),
(71, 'First71', 'Last71', 'customer71@example.com', '777-6177', '735 Main St', 'City1', 'State1', '99664'),
(72, 'First72', 'Last72', 'customer72@example.com', '154-4425', '794 Main St', 'City2', 'State2', '72761'),
(73, 'First73', 'Last73', 'customer73@example.com', '420-7023', '574 Main St', 'City3', 'State3', '51321'),
(74, 'First74', 'Last74', 'customer74@example.com', '627-2360', '176 Main St', 'City4', 'State4', '11506'),
(75, 'First75', 'Last75', 'customer75@example.com', '519-4240', '305 Main St', 'City5', 'State0', '16865'),
(76, 'First76', 'Last76', 'customer76@example.com', '230-9490', '554 Main St', 'City6', 'State1', '85432'),
(77, 'First77', 'Last77', 'customer77@example.com', '567-4551', '484 Main St', 'City7', 'State2', '63826'),
(78, 'First78', 'Last78', 'customer78@example.com', '899-8702', '168 Main St', 'City8', 'State3', '37071'),
(79, 'First79', 'Last79', 'customer79@example.com', '444-2673', '435 Main St', 'City9', 'State4', '41717'),
(80, 'First80', 'Last80', 'customer80@example.com', '534-1480', '978 Main St', 'City0', 'State0', '89229'),
(81, 'First81', 'Last81', 'customer81@example.com', '400-2727', '363 Main St', 'City1', 'State1', '84116'),
(82, 'First82', 'Last82', 'customer82@example.com', '951-6287', '138 Main St', 'City2', 'State2', '47531'),
(83, 'First83', 'Last83', 'customer83@example.com', '357-8524', '207 Main St', 'City3', 'State3', '16683'),
(84, 'First84', 'Last84', 'customer84@example.com', '411-4802', '741 Main St', 'City4', 'State4', '80221'),
(85, 'First85', 'Last85', 'customer85@example.com', '771-9723', '417 Main St', 'City5', 'State0', '45064'),
(86, 'First86', 'Last86', 'customer86@example.com', '956-1316', '455 Main St', 'City6', 'State1', '32279'),
(87, 'First87', 'Last87', 'customer87@example.com', '833-9952', '518 Main St', 'City7', 'State2', '42113'),
(88, 'First88', 'Last88', 'customer88@example.com', '194-7004', '678 Main St', 'City8', 'State3', '80123'),
(89, 'First89', 'Last89', 'customer89@example.com', '774-6160', '417 Main St', 'City9', 'State4', '12194'),
(90, 'First90', 'Last90', 'customer90@example.com', '446-5406', '223 Main St', 'City0', 'State0', '68540'),
(91, 'First91', 'Last91', 'customer91@example.com', '712-4463', '823 Main St', 'City1', 'State1', '77956'),
(92, 'First92', 'Last92', 'customer92@example.com', '939-8542', '221 Main St', 'City2', 'State2', '19953'),
(93, 'First93', 'Last93', 'customer93@example.com', '972-4168', '531 Main St', 'City3', 'State3', '33077'),
(94, 'First94', 'Last94', 'customer94@example.com', '199-2459', '502 Main St', 'City4', 'State4', '38998'),
(95, 'First95', 'Last95', 'customer95@example.com', '276-5246', '357 Main St', 'City5', 'State0', '15356'),
(96, 'First96', 'Last96', 'customer96@example.com', '199-4709', '638 Main St', 'City6', 'State1', '60252'),
(97, 'First97', 'Last97', 'customer97@example.com', '495-4251', '291 Main St', 'City7', 'State2', '97820'),
(98, 'First98', 'Last98', 'customer98@example.com', '291-6316', '526 Main St', 'City8', 'State3', '35763'),
(99, 'First99', 'Last99', 'customer99@example.com', '142-7883', '588 Main St', 'City9', 'State4', '78962'),
(100, 'First100', 'Last100', 'customer100@example.com', '481-3538', '526 Main St', 'City0', 'State0', '21071'),
(101, 'First101', 'Last101', 'customer101@example.com', '967-7827', '792 Main St', 'City1', 'State1', '53874'),
(102, 'First102', 'Last102', 'customer102@example.com', '672-9922', '837 Main St', 'City2', 'State2', '72907'),
(103, 'First103', 'Last103', 'customer103@example.com', '816-3845', '147 Main St', 'City3', 'State3', '40491'),
(104, 'First104', 'Last104', 'customer104@example.com', '587-6533', '576 Main St', 'City4', 'State4', '65293'),
(105, 'First105', 'Last105', 'customer105@example.com', '590-8512', '100 Main St', 'City5', 'State0', '51511'),
(106, 'First106', 'Last106', 'customer106@example.com', '908-1744', '344 Main St', 'City6', 'State1', '18070'),
(107, 'First107', 'Last107', 'customer107@example.com', '845-9263', '638 Main St', 'City7', 'State2', '92846'),
(108, 'First108', 'Last108', 'customer108@example.com', '727-3129', '426 Main St', 'City8', 'State3', '12333'),
(109, 'First109', 'Last109', 'customer109@example.com', '366-9623', '635 Main St', 'City9', 'State4', '93012'),
(110, 'First110', 'Last110', 'customer110@example.com', '994-3441', '726 Main St', 'City0', 'State0', '78061'),
(111, 'First111', 'Last111', 'customer111@example.com', '510-5828', '513 Main St', 'City1', 'State1', '37036'),
(112, 'First112', 'Last112', 'customer112@example.com', '719-4638', '732 Main St', 'City2', 'State2', '54985'),
(113, 'First113', 'Last113', 'customer113@example.com', '933-8429', '310 Main St', 'City3', 'State3', '15654'),
(114, 'First114', 'Last114', 'customer114@example.com', '274-4948', '389 Main St', 'City4', 'State4', '36191'),
(115, 'First115', 'Last115', 'customer115@example.com', '438-3569', '129 Main St', 'City5', 'State0', '21389'),
(116, 'First116', 'Last116', 'customer116@example.com', '601-2815', '632 Main St', 'City6', 'State1', '48166'),
(117, 'First117', 'Last117', 'customer117@example.com', '655-6664', '451 Main St', 'City7', 'State2', '91343'),
(118, 'First118', 'Last118', 'customer118@example.com', '373-5812', '849 Main St', 'City8', 'State3', '57985'),
(119, 'First119', 'Last119', 'customer119@example.com', '321-4508', '359 Main St', 'City9', 'State4', '29129'),
(120, 'First120', 'Last120', 'customer120@example.com', '215-3804', '639 Main St', 'City0', 'State0', '35594'),
(121, 'First121', 'Last121', 'customer121@example.com', '422-9535', '584 Main St', 'City1', 'State1', '49296'),
(122, 'First122', 'Last122', 'customer122@example.com', '417-7214', '630 Main St', 'City2', 'State2', '64556'),
(123, 'First123', 'Last123', 'customer123@example.com', '510-5313', '780 Main St', 'City3', 'State3', '73056'),
(124, 'First124', 'Last124', 'customer124@example.com', '481-9668', '521 Main St', 'City4', 'State4', '63860'),
(125, 'First125', 'Last125', 'customer125@example.com', '373-6202', '111 Main St', 'City5', 'State0', '40649'),
(126, 'First126', 'Last126', 'customer126@example.com', '417-3371', '779 Main St', 'City6', 'State1', '11498'),
(127, 'First127', 'Last127', 'customer127@example.com', '147-2397', '319 Main St', 'City7', 'State2', '38580'),
(128, 'First128', 'Last128', 'customer128@example.com', '483-6772', '264 Main St', 'City8', 'State3', '75599'),
(129, 'First129', 'Last129', 'customer129@example.com', '841-4986', '957 Main St', 'City9', 'State4', '59350'),
(130, 'First130', 'Last130', 'customer130@example.com', '897-8549', '897 Main St', 'City0', 'State0', '74002'),
(131, 'First131', 'Last131', 'customer131@example.com', '345-9248', '948 Main St', 'City1', 'State1', '26179'),
(132, 'First132', 'Last132', 'customer132@example.com', '810-2566', '588 Main St', 'City2', 'State2', '56343'),
(133, 'First133', 'Last133', 'customer133@example.com', '636-7598', '220 Main St', 'City3', 'State3', '14425'),
(134, 'First134', 'Last134', 'customer134@example.com', '212-3124', '477 Main St', 'City4', 'State4', '69586'),
(135, 'First135', 'Last135', 'customer135@example.com', '233-7560', '997 Main St', 'City5', 'State0', '89181'),
(136, 'First136', 'Last136', 'customer136@example.com', '695-8007', '436 Main St', 'City6', 'State1', '71664'),
(137, 'First137', 'Last137', 'customer137@example.com', '482-3883', '452 Main St', 'City7', 'State2', '70359'),
(138, 'First138', 'Last138', 'customer138@example.com', '539-4158', '166 Main St', 'City8', 'State3', '10114'),
(139, 'First139', 'Last139', 'customer139@example.com', '721-6384', '838 Main St', 'City9', 'State4', '95090'),
(140, 'First140', 'Last140', 'customer140@example.com', '223-2414', '378 Main St', 'City0', 'State0', '83604'),
(141, 'First141', 'Last141', 'customer141@example.com', '331-6326', '642 Main St', 'City1', 'State1', '65193'),
(142, 'First142', 'Last142', 'customer142@example.com', '324-7548', '378 Main St', 'City2', 'State2', '96986'),
(143, 'First143', 'Last143', 'customer143@example.com', '383-3188', '186 Main St', 'City3', 'State3', '83687'),
(144, 'First144', 'Last144', 'customer144@example.com', '641-7093', '870 Main St', 'City4', 'State4', '21654'),
(145, 'First145', 'Last145', 'customer145@example.com', '568-3152', '367 Main St', 'City5', 'State0', '50017'),
(146, 'First146', 'Last146', 'customer146@example.com', '525-6449', '831 Main St', 'City6', 'State1', '74448'),
(147, 'First147', 'Last147', 'customer147@example.com', '399-1426', '273 Main St', 'City7', 'State2', '67302'),
(148, 'First148', 'Last148', 'customer148@example.com', '626-8189', '231 Main St', 'City8', 'State3', '28411'),
(149, 'First149', 'Last149', 'customer149@example.com', '356-7687', '897 Main St', 'City9', 'State4', '99737'),
(150, 'First150', 'Last150', 'customer150@example.com', '234-4919', '497 Main St', 'City0', 'State0', '64562'),
(151, 'First151', 'Last151', 'customer151@example.com', '192-2049', '423 Main St', 'City1', 'State1', '67929'),
(152, 'First152', 'Last152', 'customer152@example.com', '261-4858', '855 Main St', 'City2', 'State2', '71150'),
(153, 'First153', 'Last153', 'customer153@example.com', '436-6296', '249 Main St', 'City3', 'State3', '86007'),
(154, 'First154', 'Last154', 'customer154@example.com', '772-2867', '909 Main St', 'City4', 'State4', '64761'),
(155, 'First155', 'Last155', 'customer155@example.com', '661-1845', '949 Main St', 'City5', 'State0', '73966'),
(156, 'First156', 'Last156', 'customer156@example.com', '867-8250', '906 Main St', 'City6', 'State1', '65650'),
(157, 'First157', 'Last157', 'customer157@example.com', '385-2304', '245 Main St', 'City7', 'State2', '80605'),
(158, 'First158', 'Last158', 'customer158@example.com', '489-3242', '409 Main St', 'City8', 'State3', '97605'),
(159, 'First159', 'Last159', 'customer159@example.com', '289-1615', '126 Main St', 'City9', 'State4', '37790'),
(160, 'First160', 'Last160', 'customer160@example.com', '388-7003', '766 Main St', 'City0', 'State0', '69486'),
(161, 'First161', 'Last161', 'customer161@example.com', '345-2613', '819 Main St', 'City1', 'State1', '67481'),
(162, 'First162', 'Last162', 'customer162@example.com', '158-9382', '180 Main St', 'City2', 'State2', '41648'),
(163, 'First163', 'Last163', 'customer163@example.com', '594-4475', '234 Main St', 'City3', 'State3', '90110'),
(164, 'First164', 'Last164', 'customer164@example.com', '187-3472', '901 Main St', 'City4', 'State4', '72244'),
(165, 'First165', 'Last165', 'customer165@example.com', '648-4414', '252 Main St', 'City5', 'State0', '74634'),
(166, 'First166', 'Last166', 'customer166@example.com', '241-3691', '565 Main St', 'City6', 'State1', '71243'),
(167, 'First167', 'Last167', 'customer167@example.com', '806-2763', '786 Main St', 'City7', 'State2', '42496'),
(168, 'First168', 'Last168', 'customer168@example.com', '337-3155', '453 Main St', 'City8', 'State3', '84423'),
(169, 'First169', 'Last169', 'customer169@example.com', '934-6082', '754 Main St', 'City9', 'State4', '27938'),
(170, 'First170', 'Last170', 'customer170@example.com', '629-3445', '419 Main St', 'City0', 'State0', '87902'),
(171, 'First171', 'Last171', 'customer171@example.com', '239-9318', '541 Main St', 'City1', 'State1', '25780'),
(172, 'First172', 'Last172', 'customer172@example.com', '545-5802', '330 Main St', 'City2', 'State2', '28223'),
(173, 'First173', 'Last173', 'customer173@example.com', '198-6677', '890 Main St', 'City3', 'State3', '92068'),
(174, 'First174', 'Last174', 'customer174@example.com', '824-3700', '736 Main St', 'City4', 'State4', '34779'),
(175, 'First175', 'Last175', 'customer175@example.com', '197-1307', '423 Main St', 'City5', 'State0', '89949'),
(176, 'First176', 'Last176', 'customer176@example.com', '768-3214', '959 Main St', 'City6', 'State1', '28985'),
(177, 'First177', 'Last177', 'customer177@example.com', '175-9327', '403 Main St', 'City7', 'State2', '61725'),
(178, 'First178', 'Last178', 'customer178@example.com', '700-8848', '651 Main St', 'City8', 'State3', '65232'),
(179, 'First179', 'Last179', 'customer179@example.com', '264-7690', '470 Main St', 'City9', 'State4', '85954'),
(180, 'First180', 'Last180', 'customer180@example.com', '973-8416', '942 Main St', 'City0', 'State0', '36248'),
(181, 'First181', 'Last181', 'customer181@example.com', '969-7228', '980 Main St', 'City1', 'State1', '38699'),
(182, 'First182', 'Last182', 'customer182@example.com', '164-3614', '605 Main St', 'City2', 'State2', '25090'),
(183, 'First183', 'Last183', 'customer183@example.com', '582-5023', '880 Main St', 'City3', 'State3', '92718'),
(184, 'First184', 'Last184', 'customer184@example.com', '632-3467', '782 Main St', 'City4', 'State4', '46569'),
(185, 'First185', 'Last185', 'customer185@example.com', '732-6332', '146 Main St', 'City5', 'State0', '48692'),
(186, 'First186', 'Last186', 'customer186@example.com', '489-7098', '260 Main St', 'City6', 'State1', '98066'),
(187, 'First187', 'Last187', 'customer187@example.com', '935-6971', '460 Main St', 'City7', 'State2', '40110'),
(188, 'First188', 'Last188', 'customer188@example.com', '144-2555', '490 Main St', 'City8', 'State3', '83099'),
(189, 'First189', 'Last189', 'customer189@example.com', '921-7529', '841 Main St', 'City9', 'State4', '75183'),
(190, 'First190', 'Last190', 'customer190@example.com', '778-2592', '466 Main St', 'City0', 'State0', '73666'),
(191, 'First191', 'Last191', 'customer191@example.com', '147-6609', '460 Main St', 'City1', 'State1', '56568'),
(192, 'First192', 'Last192', 'customer192@example.com', '359-9768', '740 Main St', 'City2', 'State2', '59531'),
(193, 'First193', 'Last193', 'customer193@example.com', '610-4930', '664 Main St', 'City3', 'State3', '69836'),
(194, 'First194', 'Last194', 'customer194@example.com', '388-6519', '717 Main St', 'City4', 'State4', '77229'),
(195, 'First195', 'Last195', 'customer195@example.com', '525-6532', '246 Main St', 'City5', 'State0', '72851'),
(196, 'First196', 'Last196', 'customer196@example.com', '284-3662', '974 Main St', 'City6', 'State1', '79652'),
(197, 'First197', 'Last197', 'customer197@example.com', '781-1236', '736 Main St', 'City7', 'State2', '10719'),
(198, 'First198', 'Last198', 'customer198@example.com', '867-8358', '868 Main St', 'City8', 'State3', '80636'),
(199, 'First199', 'Last199', 'customer199@example.com', '642-9960', '738 Main St', 'City9', 'State4', '99183'),
(200, 'First200', 'Last200', 'customer200@example.com', '637-8083', '127 Main St', 'City0', 'State0', '68796'),
(201, 'First201', 'Last201', 'customer201@example.com', '374-1272', '140 Main St', 'City1', 'State1', '65545'),
(202, 'First202', 'Last202', 'customer202@example.com', '827-5347', '561 Main St', 'City2', 'State2', '44658'),
(203, 'First203', 'Last203', 'customer203@example.com', '605-9268', '729 Main St', 'City3', 'State3', '12732'),
(204, 'First204', 'Last204', 'customer204@example.com', '580-7700', '552 Main St', 'City4', 'State4', '38520'),
(205, 'First205', 'Last205', 'customer205@example.com', '829-8737', '372 Main St', 'City5', 'State0', '37796'),
(206, 'First206', 'Last206', 'customer206@example.com', '137-1068', '772 Main St', 'City6', 'State1', '36945'),
(207, 'First207', 'Last207', 'customer207@example.com', '189-9309', '396 Main St', 'City7', 'State2', '59199'),
(208, 'First208', 'Last208', 'customer208@example.com', '345-4056', '499 Main St', 'City8', 'State3', '46472'),
(209, 'First209', 'Last209', 'customer209@example.com', '994-7215', '522 Main St', 'City9', 'State4', '60539'),
(210, 'First210', 'Last210', 'customer210@example.com', '604-8478', '346 Main St', 'City0', 'State0', '36756'),
(211, 'First211', 'Last211', 'customer211@example.com', '513-7065', '408 Main St', 'City1', 'State1', '26512'),
(212, 'First212', 'Last212', 'customer212@example.com', '348-3392', '104 Main St', 'City2', 'State2', '69431'),
(213, 'First213', 'Last213', 'customer213@example.com', '851-8812', '341 Main St', 'City3', 'State3', '35414'),
(214, 'First214', 'Last214', 'customer214@example.com', '345-4412', '555 Main St', 'City4', 'State4', '72634'),
(215, 'First215', 'Last215', 'customer215@example.com', '817-4268', '753 Main St', 'City5', 'State0', '31566'),
(216, 'First216', 'Last216', 'customer216@example.com', '349-1355', '719 Main St', 'City6', 'State1', '95750'),
(217, 'First217', 'Last217', 'customer217@example.com', '571-7403', '896 Main St', 'City7', 'State2', '38262'),
(218, 'First218', 'Last218', 'customer218@example.com', '324-3727', '871 Main St', 'City8', 'State3', '29484'),
(219, 'First219', 'Last219', 'customer219@example.com', '447-1128', '365 Main St', 'City9', 'State4', '41285'),
(220, 'First220', 'Last220', 'customer220@example.com', '246-6226', '250 Main St', 'City0', 'State0', '64644'),
(221, 'First221', 'Last221', 'customer221@example.com', '826-8650', '750 Main St', 'City1', 'State1', '66863'),
(222, 'First222', 'Last222', 'customer222@example.com', '263-4181', '847 Main St', 'City2', 'State2', '79831'),
(223, 'First223', 'Last223', 'customer223@example.com', '496-6640', '509 Main St', 'City3', 'State3', '32139'),
(224, 'First224', 'Last224', 'customer224@example.com', '575-7660', '947 Main St', 'City4', 'State4', '30934'),
(225, 'First225', 'Last225', 'customer225@example.com', '909-9057', '755 Main St', 'City5', 'State0', '15539'),
(226, 'First226', 'Last226', 'customer226@example.com', '306-8841', '727 Main St', 'City6', 'State1', '64982'),
(227, 'First227', 'Last227', 'customer227@example.com', '551-9858', '106 Main St', 'City7', 'State2', '53237'),
(228, 'First228', 'Last228', 'customer228@example.com', '461-4014', '128 Main St', 'City8', 'State3', '58550'),
(229, 'First229', 'Last229', 'customer229@example.com', '468-7471', '699 Main St', 'City9', 'State4', '33265'),
(230, 'First230', 'Last230', 'customer230@example.com', '189-9071', '633 Main St', 'City0', 'State0', '38373'),
(231, 'First231', 'Last231', 'customer231@example.com', '164-1967', '995 Main St', 'City1', 'State1', '87121'),
(232, 'First232', 'Last232', 'customer232@example.com', '527-7635', '687 Main St', 'City2', 'State2', '69935'),
(233, 'First233', 'Last233', 'customer233@example.com', '289-7706', '873 Main St', 'City3', 'State3', '31699'),
(234, 'First234', 'Last234', 'customer234@example.com', '938-6106', '367 Main St', 'City4', 'State4', '62550'),
(235, 'First235', 'Last235', 'customer235@example.com', '906-6616', '793 Main St', 'City5', 'State0', '48947'),
(236, 'First236', 'Last236', 'customer236@example.com', '440-6895', '792 Main St', 'City6', 'State1', '33997'),
(237, 'First237', 'Last237', 'customer237@example.com', '551-3853', '866 Main St', 'City7', 'State2', '19172'),
(238, 'First238', 'Last238', 'customer238@example.com', '673-3083', '434 Main St', 'City8', 'State3', '15784'),
(239, 'First239', 'Last239', 'customer239@example.com', '324-3386', '389 Main St', 'City9', 'State4', '77683'),
(240, 'First240', 'Last240', 'customer240@example.com', '446-2514', '908 Main St', 'City0', 'State0', '55468'),
(241, 'First241', 'Last241', 'customer241@example.com', '201-7285', '934 Main St', 'City1', 'State1', '35745'),
(242, 'First242', 'Last242', 'customer242@example.com', '809-2582', '421 Main St', 'City2', 'State2', '30878'),
(243, 'First243', 'Last243', 'customer243@example.com', '194-4100', '519 Main St', 'City3', 'State3', '91022'),
(244, 'First244', 'Last244', 'customer244@example.com', '618-6270', '631 Main St', 'City4', 'State4', '91302'),
(245, 'First245', 'Last245', 'customer245@example.com', '416-7177', '937 Main St', 'City5', 'State0', '51728'),
(246, 'First246', 'Last246', 'customer246@example.com', '428-6017', '962 Main St', 'City6', 'State1', '94894'),
(247, 'First247', 'Last247', 'customer247@example.com', '276-6934', '385 Main St', 'City7', 'State2', '30537'),
(248, 'First248', 'Last248', 'customer248@example.com', '958-2347', '731 Main St', 'City8', 'State3', '40423'),
(249, 'First249', 'Last249', 'customer249@example.com', '201-2896', '862 Main St', 'City9', 'State4', '44386'),
(250, 'First250', 'Last250', 'customer250@example.com', '216-3064', '218 Main St', 'City0', 'State0', '53035'),
(251, 'First251', 'Last251', 'customer251@example.com', '407-7842', '992 Main St', 'City1', 'State1', '71758'),
(252, 'First252', 'Last252', 'customer252@example.com', '143-1029', '897 Main St', 'City2', 'State2', '85884'),
(253, 'First253', 'Last253', 'customer253@example.com', '971-3533', '454 Main St', 'City3', 'State3', '92889'),
(254, 'First254', 'Last254', 'customer254@example.com', '143-8785', '138 Main St', 'City4', 'State4', '60874'),
(255, 'First255', 'Last255', 'customer255@example.com', '139-4703', '368 Main St', 'City5', 'State0', '37638'),
(256, 'First256', 'Last256', 'customer256@example.com', '592-4928', '635 Main St', 'City6', 'State1', '91795'),
(257, 'First257', 'Last257', 'customer257@example.com', '470-4575', '361 Main St', 'City7', 'State2', '83237'),
(258, 'First258', 'Last258', 'customer258@example.com', '387-6999', '859 Main St', 'City8', 'State3', '92736'),
(259, 'First259', 'Last259', 'customer259@example.com', '859-9795', '986 Main St', 'City9', 'State4', '86650'),
(260, 'First260', 'Last260', 'customer260@example.com', '197-7124', '710 Main St', 'City0', 'State0', '57102'),
(261, 'First261', 'Last261', 'customer261@example.com', '975-5261', '253 Main St', 'City1', 'State1', '33385'),
(262, 'First262', 'Last262', 'customer262@example.com', '752-8301', '299 Main St', 'City2', 'State2', '79966'),
(263, 'First263', 'Last263', 'customer263@example.com', '190-9468', '430 Main St', 'City3', 'State3', '52527'),
(264, 'First264', 'Last264', 'customer264@example.com', '324-2395', '273 Main St', 'City4', 'State4', '11057'),
(265, 'First265', 'Last265', 'customer265@example.com', '379-1972', '876 Main St', 'City5', 'State0', '73210'),
(266, 'First266', 'Last266', 'customer266@example.com', '289-6017', '790 Main St', 'City6', 'State1', '30542'),
(267, 'First267', 'Last267', 'customer267@example.com', '165-3765', '932 Main St', 'City7', 'State2', '53730'),
(268, 'First268', 'Last268', 'customer268@example.com', '526-1411', '235 Main St', 'City8', 'State3', '50346'),
(269, 'First269', 'Last269', 'customer269@example.com', '420-7307', '779 Main St', 'City9', 'State4', '42527'),
(270, 'First270', 'Last270', 'customer270@example.com', '214-4701', '606 Main St', 'City0', 'State0', '91346'),
(271, 'First271', 'Last271', 'customer271@example.com', '383-4134', '900 Main St', 'City1', 'State1', '13496'),
(272, 'First272', 'Last272', 'customer272@example.com', '166-8295', '991 Main St', 'City2', 'State2', '51122'),
(273, 'First273', 'Last273', 'customer273@example.com', '337-8402', '467 Main St', 'City3', 'State3', '67791'),
(274, 'First274', 'Last274', 'customer274@example.com', '462-2608', '966 Main St', 'City4', 'State4', '26735'),
(275, 'First275', 'Last275', 'customer275@example.com', '290-1895', '794 Main St', 'City5', 'State0', '59256'),
(276, 'First276', 'Last276', 'customer276@example.com', '744-7201', '778 Main St', 'City6', 'State1', '16856'),
(277, 'First277', 'Last277', 'customer277@example.com', '635-8468', '550 Main St', 'City7', 'State2', '17907'),
(278, 'First278', 'Last278', 'customer278@example.com', '249-8188', '752 Main St', 'City8', 'State3', '73024'),
(279, 'First279', 'Last279', 'customer279@example.com', '319-5449', '605 Main St', 'City9', 'State4', '71217'),
(280, 'First280', 'Last280', 'customer280@example.com', '861-8105', '142 Main St', 'City0', 'State0', '85731'),
(281, 'First281', 'Last281', 'customer281@example.com', '650-1911', '340 Main St', 'City1', 'State1', '90960'),
(282, 'First282', 'Last282', 'customer282@example.com', '748-5532', '696 Main St', 'City2', 'State2', '19844'),
(283, 'First283', 'Last283', 'customer283@example.com', '111-5698', '198 Main St', 'City3', 'State3', '88491'),
(284, 'First284', 'Last284', 'customer284@example.com', '234-7378', '594 Main St', 'City4', 'State4', '70434'),
(285, 'First285', 'Last285', 'customer285@example.com', '729-7865', '971 Main St', 'City5', 'State0', '91008'),
(286, 'First286', 'Last286', 'customer286@example.com', '256-2259', '752 Main St', 'City6', 'State1', '61241'),
(287, 'First287', 'Last287', 'customer287@example.com', '789-8042', '418 Main St', 'City7', 'State2', '61540'),
(288, 'First288', 'Last288', 'customer288@example.com', '649-5356', '680 Main St', 'City8', 'State3', '11616'),
(289, 'First289', 'Last289', 'customer289@example.com', '180-1523', '847 Main St', 'City9', 'State4', '52138'),
(290, 'First290', 'Last290', 'customer290@example.com', '960-1382', '546 Main St', 'City0', 'State0', '57071'),
(291, 'First291', 'Last291', 'customer291@example.com', '825-9979', '678 Main St', 'City1', 'State1', '40592'),
(292, 'First292', 'Last292', 'customer292@example.com', '111-6748', '331 Main St', 'City2', 'State2', '22572'),
(293, 'First293', 'Last293', 'customer293@example.com', '141-8895', '363 Main St', 'City3', 'State3', '77601'),
(294, 'First294', 'Last294', 'customer294@example.com', '315-3420', '880 Main St', 'City4', 'State4', '40213'),
(295, 'First295', 'Last295', 'customer295@example.com', '219-7223', '474 Main St', 'City5', 'State0', '75498'),
(296, 'First296', 'Last296', 'customer296@example.com', '696-6213', '754 Main St', 'City6', 'State1', '45852'),
(297, 'First297', 'Last297', 'customer297@example.com', '147-3657', '190 Main St', 'City7', 'State2', '93555'),
(298, 'First298', 'Last298', 'customer298@example.com', '816-4565', '515 Main St', 'City8', 'State3', '65648'),
(299, 'First299', 'Last299', 'customer299@example.com', '310-8652', '592 Main St', 'City9', 'State4', '85768'),
(300, 'First300', 'Last300', 'customer300@example.com', '417-3801', '659 Main St', 'City0', 'State0', '62387'),
(301, 'First301', 'Last301', 'customer301@example.com', '915-5871', '581 Main St', 'City1', 'State1', '44306'),
(302, 'First302', 'Last302', 'customer302@example.com', '590-1101', '684 Main St', 'City2', 'State2', '84863'),
(303, 'First303', 'Last303', 'customer303@example.com', '207-5881', '743 Main St', 'City3', 'State3', '20891'),
(304, 'First304', 'Last304', 'customer304@example.com', '623-6855', '663 Main St', 'City4', 'State4', '26483'),
(305, 'First305', 'Last305', 'customer305@example.com', '728-7007', '603 Main St', 'City5', 'State0', '99145'),
(306, 'First306', 'Last306', 'customer306@example.com', '512-4863', '529 Main St', 'City6', 'State1', '25294'),
(307, 'First307', 'Last307', 'customer307@example.com', '329-8251', '592 Main St', 'City7', 'State2', '42453'),
(308, 'First308', 'Last308', 'customer308@example.com', '904-1453', '722 Main St', 'City8', 'State3', '43853'),
(309, 'First309', 'Last309', 'customer309@example.com', '287-7116', '281 Main St', 'City9', 'State4', '73729'),
(310, 'First310', 'Last310', 'customer310@example.com', '862-9152', '894 Main St', 'City0', 'State0', '59092'),
(311, 'First311', 'Last311', 'customer311@example.com', '974-9065', '345 Main St', 'City1', 'State1', '57417'),
(312, 'First312', 'Last312', 'customer312@example.com', '161-1950', '735 Main St', 'City2', 'State2', '76113'),
(313, 'First313', 'Last313', 'customer313@example.com', '371-4680', '253 Main St', 'City3', 'State3', '76279'),
(314, 'First314', 'Last314', 'customer314@example.com', '538-4973', '333 Main St', 'City4', 'State4', '60004'),
(315, 'First315', 'Last315', 'customer315@example.com', '357-5583', '949 Main St', 'City5', 'State0', '67055'),
(316, 'First316', 'Last316', 'customer316@example.com', '623-7263', '461 Main St', 'City6', 'State1', '63716'),
(317, 'First317', 'Last317', 'customer317@example.com', '398-5998', '992 Main St', 'City7', 'State2', '35253'),
(318, 'First318', 'Last318', 'customer318@example.com', '926-5067', '673 Main St', 'City8', 'State3', '29391'),
(319, 'First319', 'Last319', 'customer319@example.com', '873-7666', '238 Main St', 'City9', 'State4', '90201'),
(320, 'First320', 'Last320', 'customer320@example.com', '893-6595', '524 Main St', 'City0', 'State0', '61902'),
(321, 'First321', 'Last321', 'customer321@example.com', '794-5361', '446 Main St', 'City1', 'State1', '65498'),
(322, 'First322', 'Last322', 'customer322@example.com', '841-4528', '804 Main St', 'City2', 'State2', '67381'),
(323, 'First323', 'Last323', 'customer323@example.com', '922-3665', '118 Main St', 'City3', 'State3', '10495'),
(324, 'First324', 'Last324', 'customer324@example.com', '497-3479', '946 Main St', 'City4', 'State4', '32370'),
(325, 'First325', 'Last325', 'customer325@example.com', '601-1921', '866 Main St', 'City5', 'State0', '32880'),
(326, 'First326', 'Last326', 'customer326@example.com', '269-2553', '978 Main St', 'City6', 'State1', '36295'),
(327, 'First327', 'Last327', 'customer327@example.com', '726-6114', '704 Main St', 'City7', 'State2', '97635'),
(328, 'First328', 'Last328', 'customer328@example.com', '208-6852', '320 Main St', 'City8', 'State3', '83139'),
(329, 'First329', 'Last329', 'customer329@example.com', '567-5969', '604 Main St', 'City9', 'State4', '31103'),
(330, 'First330', 'Last330', 'customer330@example.com', '972-8267', '828 Main St', 'City0', 'State0', '33635'),
(331, 'First331', 'Last331', 'customer331@example.com', '540-4811', '487 Main St', 'City1', 'State1', '76098'),
(332, 'First332', 'Last332', 'customer332@example.com', '155-3552', '805 Main St', 'City2', 'State2', '50209'),
(333, 'First333', 'Last333', 'customer333@example.com', '235-1388', '561 Main St', 'City3', 'State3', '93875'),
(334, 'First334', 'Last334', 'customer334@example.com', '807-7172', '891 Main St', 'City4', 'State4', '91281'),
(335, 'First335', 'Last335', 'customer335@example.com', '643-9531', '183 Main St', 'City5', 'State0', '63214'),
(336, 'First336', 'Last336', 'customer336@example.com', '346-3075', '681 Main St', 'City6', 'State1', '67127'),
(337, 'First337', 'Last337', 'customer337@example.com', '274-1446', '670 Main St', 'City7', 'State2', '54852'),
(338, 'First338', 'Last338', 'customer338@example.com', '718-6077', '466 Main St', 'City8', 'State3', '63343'),
(339, 'First339', 'Last339', 'customer339@example.com', '745-8588', '961 Main St', 'City9', 'State4', '26707'),
(340, 'First340', 'Last340', 'customer340@example.com', '713-3279', '848 Main St', 'City0', 'State0', '92184'),
(341, 'First341', 'Last341', 'customer341@example.com', '175-2422', '510 Main St', 'City1', 'State1', '37182'),
(342, 'First342', 'Last342', 'customer342@example.com', '386-8049', '111 Main St', 'City2', 'State2', '24377'),
(343, 'First343', 'Last343', 'customer343@example.com', '358-6420', '230 Main St', 'City3', 'State3', '83092'),
(344, 'First344', 'Last344', 'customer344@example.com', '689-1004', '553 Main St', 'City4', 'State4', '17401'),
(345, 'First345', 'Last345', 'customer345@example.com', '429-8112', '643 Main St', 'City5', 'State0', '69071'),
(346, 'First346', 'Last346', 'customer346@example.com', '724-7414', '792 Main St', 'City6', 'State1', '50980'),
(347, 'First347', 'Last347', 'customer347@example.com', '240-4493', '609 Main St', 'City7', 'State2', '96021'),
(348, 'First348', 'Last348', 'customer348@example.com', '391-2099', '821 Main St', 'City8', 'State3', '19161'),
(349, 'First349', 'Last349', 'customer349@example.com', '793-9146', '832 Main St', 'City9', 'State4', '71204'),
(350, 'First350', 'Last350', 'customer350@example.com', '325-3885', '462 Main St', 'City0', 'State0', '53993'),
(351, 'First351', 'Last351', 'customer351@example.com', '982-6519', '894 Main St', 'City1', 'State1', '15921'),
(352, 'First352', 'Last352', 'customer352@example.com', '605-1328', '346 Main St', 'City2', 'State2', '75893'),
(353, 'First353', 'Last353', 'customer353@example.com', '922-7512', '234 Main St', 'City3', 'State3', '29747'),
(354, 'First354', 'Last354', 'customer354@example.com', '370-7809', '253 Main St', 'City4', 'State4', '69435'),
(355, 'First355', 'Last355', 'customer355@example.com', '683-3527', '930 Main St', 'City5', 'State0', '49686'),
(356, 'First356', 'Last356', 'customer356@example.com', '146-7474', '638 Main St', 'City6', 'State1', '97630'),
(357, 'First357', 'Last357', 'customer357@example.com', '312-8882', '419 Main St', 'City7', 'State2', '82200'),
(358, 'First358', 'Last358', 'customer358@example.com', '798-4082', '822 Main St', 'City8', 'State3', '15130'),
(359, 'First359', 'Last359', 'customer359@example.com', '932-3668', '340 Main St', 'City9', 'State4', '32040'),
(360, 'First360', 'Last360', 'customer360@example.com', '754-6363', '183 Main St', 'City0', 'State0', '26148'),
(361, 'First361', 'Last361', 'customer361@example.com', '487-1434', '241 Main St', 'City1', 'State1', '33226'),
(362, 'First362', 'Last362', 'customer362@example.com', '998-8530', '806 Main St', 'City2', 'State2', '70998'),
(363, 'First363', 'Last363', 'customer363@example.com', '314-8746', '202 Main St', 'City3', 'State3', '59168'),
(364, 'First364', 'Last364', 'customer364@example.com', '269-7703', '319 Main St', 'City4', 'State4', '86489'),
(365, 'First365', 'Last365', 'customer365@example.com', '293-5410', '547 Main St', 'City5', 'State0', '23526'),
(366, 'First366', 'Last366', 'customer366@example.com', '711-4407', '811 Main St', 'City6', 'State1', '27680'),
(367, 'First367', 'Last367', 'customer367@example.com', '377-7450', '547 Main St', 'City7', 'State2', '99082'),
(368, 'First368', 'Last368', 'customer368@example.com', '249-8597', '859 Main St', 'City8', 'State3', '14288'),
(369, 'First369', 'Last369', 'customer369@example.com', '231-5787', '788 Main St', 'City9', 'State4', '96358'),
(370, 'First370', 'Last370', 'customer370@example.com', '471-6350', '885 Main St', 'City0', 'State0', '65260'),
(371, 'First371', 'Last371', 'customer371@example.com', '408-8214', '555 Main St', 'City1', 'State1', '98294'),
(372, 'First372', 'Last372', 'customer372@example.com', '191-4035', '810 Main St', 'City2', 'State2', '90623'),
(373, 'First373', 'Last373', 'customer373@example.com', '441-4419', '878 Main St', 'City3', 'State3', '53921'),
(374, 'First374', 'Last374', 'customer374@example.com', '524-7005', '793 Main St', 'City4', 'State4', '48380'),
(375, 'First375', 'Last375', 'customer375@example.com', '280-5318', '795 Main St', 'City5', 'State0', '19443'),
(376, 'First376', 'Last376', 'customer376@example.com', '484-3849', '904 Main St', 'City6', 'State1', '68747'),
(377, 'First377', 'Last377', 'customer377@example.com', '485-2885', '498 Main St', 'City7', 'State2', '37126'),
(378, 'First378', 'Last378', 'customer378@example.com', '126-6000', '546 Main St', 'City8', 'State3', '95622'),
(379, 'First379', 'Last379', 'customer379@example.com', '295-3559', '424 Main St', 'City9', 'State4', '67406'),
(380, 'First380', 'Last380', 'customer380@example.com', '759-7095', '864 Main St', 'City0', 'State0', '22448'),
(381, 'First381', 'Last381', 'customer381@example.com', '507-8536', '158 Main St', 'City1', 'State1', '19662'),
(382, 'First382', 'Last382', 'customer382@example.com', '203-8310', '381 Main St', 'City2', 'State2', '44843'),
(383, 'First383', 'Last383', 'customer383@example.com', '457-4623', '352 Main St', 'City3', 'State3', '76677'),
(384, 'First384', 'Last384', 'customer384@example.com', '280-5300', '778 Main St', 'City4', 'State4', '45095'),
(385, 'First385', 'Last385', 'customer385@example.com', '634-6879', '924 Main St', 'City5', 'State0', '15515'),
(386, 'First386', 'Last386', 'customer386@example.com', '836-3002', '506 Main St', 'City6', 'State1', '63683'),
(387, 'First387', 'Last387', 'customer387@example.com', '882-2889', '451 Main St', 'City7', 'State2', '97982'),
(388, 'First388', 'Last388', 'customer388@example.com', '189-9690', '700 Main St', 'City8', 'State3', '78862'),
(389, 'First389', 'Last389', 'customer389@example.com', '896-2878', '964 Main St', 'City9', 'State4', '88848'),
(390, 'First390', 'Last390', 'customer390@example.com', '848-8440', '732 Main St', 'City0', 'State0', '53271'),
(391, 'First391', 'Last391', 'customer391@example.com', '777-7566', '880 Main St', 'City1', 'State1', '82238'),
(392, 'First392', 'Last392', 'customer392@example.com', '381-4947', '555 Main St', 'City2', 'State2', '54263'),
(393, 'First393', 'Last393', 'customer393@example.com', '228-6659', '441 Main St', 'City3', 'State3', '91493'),
(394, 'First394', 'Last394', 'customer394@example.com', '293-3230', '900 Main St', 'City4', 'State4', '76430'),
(395, 'First395', 'Last395', 'customer395@example.com', '913-8832', '399 Main St', 'City5', 'State0', '92764'),
(396, 'First396', 'Last396', 'customer396@example.com', '310-7128', '613 Main St', 'City6', 'State1', '40824'),
(397, 'First397', 'Last397', 'customer397@example.com', '751-8939', '615 Main St', 'City7', 'State2', '22354'),
(398, 'First398', 'Last398', 'customer398@example.com', '297-6108', '990 Main St', 'City8', 'State3', '10321'),
(399, 'First399', 'Last399', 'customer399@example.com', '615-9231', '294 Main St', 'City9', 'State4', '74028'),
(400, 'First400', 'Last400', 'customer400@example.com', '556-4994', '173 Main St', 'City0', 'State0', '50827'),
(401, 'First401', 'Last401', 'customer401@example.com', '968-5374', '848 Main St', 'City1', 'State1', '55771'),
(402, 'First402', 'Last402', 'customer402@example.com', '276-4922', '236 Main St', 'City2', 'State2', '72606'),
(403, 'First403', 'Last403', 'customer403@example.com', '623-3623', '792 Main St', 'City3', 'State3', '12349'),
(404, 'First404', 'Last404', 'customer404@example.com', '119-7177', '279 Main St', 'City4', 'State4', '72483'),
(405, 'First405', 'Last405', 'customer405@example.com', '211-4511', '446 Main St', 'City5', 'State0', '65277'),
(406, 'First406', 'Last406', 'customer406@example.com', '803-6110', '698 Main St', 'City6', 'State1', '60968'),
(407, 'First407', 'Last407', 'customer407@example.com', '821-3765', '829 Main St', 'City7', 'State2', '87114'),
(408, 'First408', 'Last408', 'customer408@example.com', '913-5881', '523 Main St', 'City8', 'State3', '17869'),
(409, 'First409', 'Last409', 'customer409@example.com', '799-5039', '641 Main St', 'City9', 'State4', '33708'),
(410, 'First410', 'Last410', 'customer410@example.com', '115-6404', '891 Main St', 'City0', 'State0', '87828'),
(411, 'First411', 'Last411', 'customer411@example.com', '738-7663', '496 Main St', 'City1', 'State1', '87461'),
(412, 'First412', 'Last412', 'customer412@example.com', '699-2635', '746 Main St', 'City2', 'State2', '91055'),
(413, 'First413', 'Last413', 'customer413@example.com', '581-4471', '966 Main St', 'City3', 'State3', '88016'),
(414, 'First414', 'Last414', 'customer414@example.com', '303-1348', '268 Main St', 'City4', 'State4', '40780'),
(415, 'First415', 'Last415', 'customer415@example.com', '358-5799', '925 Main St', 'City5', 'State0', '34161'),
(416, 'First416', 'Last416', 'customer416@example.com', '436-6777', '980 Main St', 'City6', 'State1', '12436'),
(417, 'First417', 'Last417', 'customer417@example.com', '302-9388', '525 Main St', 'City7', 'State2', '28183'),
(418, 'First418', 'Last418', 'customer418@example.com', '221-7003', '217 Main St', 'City8', 'State3', '38374'),
(419, 'First419', 'Last419', 'customer419@example.com', '266-1395', '566 Main St', 'City9', 'State4', '50884'),
(420, 'First420', 'Last420', 'customer420@example.com', '356-1126', '655 Main St', 'City0', 'State0', '46320'),
(421, 'First421', 'Last421', 'customer421@example.com', '336-7863', '468 Main St', 'City1', 'State1', '71647'),
(422, 'First422', 'Last422', 'customer422@example.com', '371-6175', '179 Main St', 'City2', 'State2', '51267'),
(423, 'First423', 'Last423', 'customer423@example.com', '935-1169', '497 Main St', 'City3', 'State3', '39022'),
(424, 'First424', 'Last424', 'customer424@example.com', '222-2462', '971 Main St', 'City4', 'State4', '99446'),
(425, 'First425', 'Last425', 'customer425@example.com', '144-1122', '274 Main St', 'City5', 'State0', '98382'),
(426, 'First426', 'Last426', 'customer426@example.com', '928-5258', '772 Main St', 'City6', 'State1', '37065'),
(427, 'First427', 'Last427', 'customer427@example.com', '604-4274', '226 Main St', 'City7', 'State2', '87637'),
(428, 'First428', 'Last428', 'customer428@example.com', '315-4906', '536 Main St', 'City8', 'State3', '95032'),
(429, 'First429', 'Last429', 'customer429@example.com', '426-3752', '554 Main St', 'City9', 'State4', '26598'),
(430, 'First430', 'Last430', 'customer430@example.com', '855-6039', '599 Main St', 'City0', 'State0', '91340'),
(431, 'First431', 'Last431', 'customer431@example.com', '590-5645', '629 Main St', 'City1', 'State1', '72579'),
(432, 'First432', 'Last432', 'customer432@example.com', '219-9071', '407 Main St', 'City2', 'State2', '91542'),
(433, 'First433', 'Last433', 'customer433@example.com', '967-1497', '797 Main St', 'City3', 'State3', '19054'),
(434, 'First434', 'Last434', 'customer434@example.com', '860-8595', '236 Main St', 'City4', 'State4', '85535'),
(435, 'First435', 'Last435', 'customer435@example.com', '596-3482', '322 Main St', 'City5', 'State0', '84473'),
(436, 'First436', 'Last436', 'customer436@example.com', '327-4040', '692 Main St', 'City6', 'State1', '31528'),
(437, 'First437', 'Last437', 'customer437@example.com', '161-6417', '944 Main St', 'City7', 'State2', '52427'),
(438, 'First438', 'Last438', 'customer438@example.com', '351-7801', '613 Main St', 'City8', 'State3', '26999'),
(439, 'First439', 'Last439', 'customer439@example.com', '773-6094', '796 Main St', 'City9', 'State4', '50351'),
(440, 'First440', 'Last440', 'customer440@example.com', '613-2571', '972 Main St', 'City0', 'State0', '42135'),
(441, 'First441', 'Last441', 'customer441@example.com', '372-6111', '785 Main St', 'City1', 'State1', '92402'),
(442, 'First442', 'Last442', 'customer442@example.com', '444-2992', '216 Main St', 'City2', 'State2', '44844'),
(443, 'First443', 'Last443', 'customer443@example.com', '957-1589', '721 Main St', 'City3', 'State3', '30829'),
(444, 'First444', 'Last444', 'customer444@example.com', '549-4979', '229 Main St', 'City4', 'State4', '62122'),
(445, 'First445', 'Last445', 'customer445@example.com', '720-5787', '324 Main St', 'City5', 'State0', '31017'),
(446, 'First446', 'Last446', 'customer446@example.com', '455-2027', '898 Main St', 'City6', 'State1', '82315'),
(447, 'First447', 'Last447', 'customer447@example.com', '352-8406', '687 Main St', 'City7', 'State2', '81474'),
(448, 'First448', 'Last448', 'customer448@example.com', '914-9735', '426 Main St', 'City8', 'State3', '52991'),
(449, 'First449', 'Last449', 'customer449@example.com', '741-9855', '548 Main St', 'City9', 'State4', '76134'),
(450, 'First450', 'Last450', 'customer450@example.com', '970-7736', '477 Main St', 'City0', 'State0', '83063'),
(451, 'First451', 'Last451', 'customer451@example.com', '515-5394', '746 Main St', 'City1', 'State1', '95317'),
(452, 'First452', 'Last452', 'customer452@example.com', '116-8520', '845 Main St', 'City2', 'State2', '94330'),
(453, 'First453', 'Last453', 'customer453@example.com', '710-3127', '836 Main St', 'City3', 'State3', '60541'),
(454, 'First454', 'Last454', 'customer454@example.com', '620-1549', '742 Main St', 'City4', 'State4', '27168'),
(455, 'First455', 'Last455', 'customer455@example.com', '369-5926', '120 Main St', 'City5', 'State0', '96567'),
(456, 'First456', 'Last456', 'customer456@example.com', '180-5314', '671 Main St', 'City6', 'State1', '18331'),
(457, 'First457', 'Last457', 'customer457@example.com', '369-3845', '390 Main St', 'City7', 'State2', '34689');
INSERT INTO `customers` (`CustomerID`, `FirstName`, `LastName`, `Email`, `Phone`, `Address`, `City`, `State`, `ZipCode`) VALUES
(458, 'First458', 'Last458', 'customer458@example.com', '562-2133', '190 Main St', 'City8', 'State3', '96390'),
(459, 'First459', 'Last459', 'customer459@example.com', '527-4469', '324 Main St', 'City9', 'State4', '45134'),
(460, 'First460', 'Last460', 'customer460@example.com', '842-8731', '426 Main St', 'City0', 'State0', '56387'),
(461, 'First461', 'Last461', 'customer461@example.com', '269-6990', '869 Main St', 'City1', 'State1', '98241'),
(462, 'First462', 'Last462', 'customer462@example.com', '250-7745', '627 Main St', 'City2', 'State2', '22292'),
(463, 'First463', 'Last463', 'customer463@example.com', '868-6171', '689 Main St', 'City3', 'State3', '32797'),
(464, 'First464', 'Last464', 'customer464@example.com', '596-4666', '735 Main St', 'City4', 'State4', '36665'),
(465, 'First465', 'Last465', 'customer465@example.com', '757-8497', '339 Main St', 'City5', 'State0', '20198'),
(466, 'First466', 'Last466', 'customer466@example.com', '793-4628', '104 Main St', 'City6', 'State1', '43665'),
(467, 'First467', 'Last467', 'customer467@example.com', '253-9954', '641 Main St', 'City7', 'State2', '33137'),
(468, 'First468', 'Last468', 'customer468@example.com', '155-5592', '645 Main St', 'City8', 'State3', '11173'),
(469, 'First469', 'Last469', 'customer469@example.com', '821-7953', '147 Main St', 'City9', 'State4', '45060'),
(470, 'First470', 'Last470', 'customer470@example.com', '305-1106', '932 Main St', 'City0', 'State0', '56928'),
(471, 'First471', 'Last471', 'customer471@example.com', '783-8753', '126 Main St', 'City1', 'State1', '59067'),
(472, 'First472', 'Last472', 'customer472@example.com', '936-3098', '245 Main St', 'City2', 'State2', '30854'),
(473, 'First473', 'Last473', 'customer473@example.com', '887-2107', '482 Main St', 'City3', 'State3', '54906'),
(474, 'First474', 'Last474', 'customer474@example.com', '285-8700', '474 Main St', 'City4', 'State4', '18711'),
(475, 'First475', 'Last475', 'customer475@example.com', '169-3338', '897 Main St', 'City5', 'State0', '53883'),
(476, 'First476', 'Last476', 'customer476@example.com', '491-8864', '446 Main St', 'City6', 'State1', '51581'),
(477, 'First477', 'Last477', 'customer477@example.com', '145-9243', '938 Main St', 'City7', 'State2', '30989'),
(478, 'First478', 'Last478', 'customer478@example.com', '960-3665', '227 Main St', 'City8', 'State3', '21480'),
(479, 'First479', 'Last479', 'customer479@example.com', '693-8953', '831 Main St', 'City9', 'State4', '89178'),
(480, 'First480', 'Last480', 'customer480@example.com', '737-8686', '721 Main St', 'City0', 'State0', '55760'),
(481, 'First481', 'Last481', 'customer481@example.com', '309-9939', '936 Main St', 'City1', 'State1', '11404'),
(482, 'First482', 'Last482', 'customer482@example.com', '147-4227', '802 Main St', 'City2', 'State2', '55680'),
(483, 'First483', 'Last483', 'customer483@example.com', '100-9922', '481 Main St', 'City3', 'State3', '95456'),
(484, 'First484', 'Last484', 'customer484@example.com', '210-6439', '683 Main St', 'City4', 'State4', '11596'),
(485, 'First485', 'Last485', 'customer485@example.com', '430-9597', '835 Main St', 'City5', 'State0', '89294'),
(486, 'First486', 'Last486', 'customer486@example.com', '413-1727', '639 Main St', 'City6', 'State1', '46249'),
(487, 'First487', 'Last487', 'customer487@example.com', '943-3637', '536 Main St', 'City7', 'State2', '40746'),
(488, 'First488', 'Last488', 'customer488@example.com', '434-4636', '125 Main St', 'City8', 'State3', '39658'),
(489, 'First489', 'Last489', 'customer489@example.com', '126-1851', '768 Main St', 'City9', 'State4', '89665'),
(490, 'First490', 'Last490', 'customer490@example.com', '332-4569', '859 Main St', 'City0', 'State0', '67654'),
(491, 'First491', 'Last491', 'customer491@example.com', '194-9123', '934 Main St', 'City1', 'State1', '15542'),
(492, 'First492', 'Last492', 'customer492@example.com', '813-2403', '300 Main St', 'City2', 'State2', '89632'),
(493, 'First493', 'Last493', 'customer493@example.com', '272-1805', '872 Main St', 'City3', 'State3', '58651'),
(494, 'First494', 'Last494', 'customer494@example.com', '964-9874', '898 Main St', 'City4', 'State4', '61464'),
(495, 'First495', 'Last495', 'customer495@example.com', '952-5893', '954 Main St', 'City5', 'State0', '39366'),
(496, 'First496', 'Last496', 'customer496@example.com', '581-8712', '934 Main St', 'City6', 'State1', '74433'),
(497, 'First497', 'Last497', 'customer497@example.com', '891-1716', '683 Main St', 'City7', 'State2', '56488'),
(498, 'First498', 'Last498', 'customer498@example.com', '336-2334', '763 Main St', 'City8', 'State3', '91295'),
(499, 'First499', 'Last499', 'customer499@example.com', '708-3805', '141 Main St', 'City9', 'State4', '88753'),
(500, 'First500', 'Last500', 'customer500@example.com', '478-6219', '144 Main St', 'City0', 'State0', '65054'),
(501, 'First501', 'Last501', 'customer501@example.com', '893-3170', '520 Main St', 'City1', 'State1', '25099'),
(502, 'First502', 'Last502', 'customer502@example.com', '320-8503', '844 Main St', 'City2', 'State2', '45571'),
(503, 'First503', 'Last503', 'customer503@example.com', '361-5645', '511 Main St', 'City3', 'State3', '43842'),
(504, 'First504', 'Last504', 'customer504@example.com', '849-3727', '754 Main St', 'City4', 'State4', '61718'),
(505, 'First505', 'Last505', 'customer505@example.com', '866-7988', '881 Main St', 'City5', 'State0', '81379'),
(506, 'First506', 'Last506', 'customer506@example.com', '525-6077', '125 Main St', 'City6', 'State1', '40109'),
(507, 'First507', 'Last507', 'customer507@example.com', '167-2665', '747 Main St', 'City7', 'State2', '50552'),
(508, 'First508', 'Last508', 'customer508@example.com', '112-7600', '678 Main St', 'City8', 'State3', '69367'),
(509, 'First509', 'Last509', 'customer509@example.com', '951-2350', '195 Main St', 'City9', 'State4', '37556'),
(510, 'First510', 'Last510', 'customer510@example.com', '380-5397', '538 Main St', 'City0', 'State0', '83308'),
(511, 'First511', 'Last511', 'customer511@example.com', '952-7677', '325 Main St', 'City1', 'State1', '20023'),
(512, 'First512', 'Last512', 'customer512@example.com', '394-7896', '452 Main St', 'City2', 'State2', '67507'),
(513, 'First513', 'Last513', 'customer513@example.com', '281-9981', '729 Main St', 'City3', 'State3', '22567'),
(514, 'First514', 'Last514', 'customer514@example.com', '204-3422', '847 Main St', 'City4', 'State4', '96851'),
(515, 'First515', 'Last515', 'customer515@example.com', '970-3727', '237 Main St', 'City5', 'State0', '50184'),
(516, 'First516', 'Last516', 'customer516@example.com', '332-5291', '341 Main St', 'City6', 'State1', '42082'),
(517, 'First517', 'Last517', 'customer517@example.com', '695-5057', '762 Main St', 'City7', 'State2', '38604'),
(518, 'First518', 'Last518', 'customer518@example.com', '808-9791', '858 Main St', 'City8', 'State3', '84277'),
(519, 'First519', 'Last519', 'customer519@example.com', '614-8600', '910 Main St', 'City9', 'State4', '82450'),
(520, 'First520', 'Last520', 'customer520@example.com', '119-3936', '234 Main St', 'City0', 'State0', '37471'),
(521, 'First521', 'Last521', 'customer521@example.com', '958-9082', '200 Main St', 'City1', 'State1', '82238'),
(522, 'First522', 'Last522', 'customer522@example.com', '986-9947', '894 Main St', 'City2', 'State2', '62605'),
(523, 'First523', 'Last523', 'customer523@example.com', '912-7832', '200 Main St', 'City3', 'State3', '38943'),
(524, 'First524', 'Last524', 'customer524@example.com', '866-1001', '848 Main St', 'City4', 'State4', '61664'),
(525, 'First525', 'Last525', 'customer525@example.com', '600-8977', '621 Main St', 'City5', 'State0', '89323'),
(526, 'First526', 'Last526', 'customer526@example.com', '234-5613', '929 Main St', 'City6', 'State1', '39191'),
(527, 'First527', 'Last527', 'customer527@example.com', '528-1228', '452 Main St', 'City7', 'State2', '94360'),
(528, 'First528', 'Last528', 'customer528@example.com', '496-6178', '517 Main St', 'City8', 'State3', '16495'),
(529, 'First529', 'Last529', 'customer529@example.com', '721-1755', '818 Main St', 'City9', 'State4', '51860'),
(530, 'First530', 'Last530', 'customer530@example.com', '219-6298', '405 Main St', 'City0', 'State0', '19404'),
(531, 'First531', 'Last531', 'customer531@example.com', '865-7910', '346 Main St', 'City1', 'State1', '41394'),
(532, 'First532', 'Last532', 'customer532@example.com', '599-4649', '329 Main St', 'City2', 'State2', '67626'),
(533, 'First533', 'Last533', 'customer533@example.com', '149-8791', '555 Main St', 'City3', 'State3', '81024'),
(534, 'First534', 'Last534', 'customer534@example.com', '627-4805', '282 Main St', 'City4', 'State4', '42621'),
(535, 'First535', 'Last535', 'customer535@example.com', '842-6252', '592 Main St', 'City5', 'State0', '91000'),
(536, 'First536', 'Last536', 'customer536@example.com', '520-6796', '175 Main St', 'City6', 'State1', '83688'),
(537, 'First537', 'Last537', 'customer537@example.com', '304-1142', '982 Main St', 'City7', 'State2', '66176'),
(538, 'First538', 'Last538', 'customer538@example.com', '444-6118', '638 Main St', 'City8', 'State3', '17245'),
(539, 'First539', 'Last539', 'customer539@example.com', '358-8437', '960 Main St', 'City9', 'State4', '35708'),
(540, 'First540', 'Last540', 'customer540@example.com', '124-9056', '770 Main St', 'City0', 'State0', '10895'),
(541, 'First541', 'Last541', 'customer541@example.com', '634-7677', '419 Main St', 'City1', 'State1', '65135'),
(542, 'First542', 'Last542', 'customer542@example.com', '492-1061', '956 Main St', 'City2', 'State2', '38438'),
(543, 'First543', 'Last543', 'customer543@example.com', '890-2994', '768 Main St', 'City3', 'State3', '24497'),
(544, 'First544', 'Last544', 'customer544@example.com', '184-2557', '371 Main St', 'City4', 'State4', '65265'),
(545, 'First545', 'Last545', 'customer545@example.com', '321-8306', '993 Main St', 'City5', 'State0', '89817'),
(546, 'First546', 'Last546', 'customer546@example.com', '621-9084', '650 Main St', 'City6', 'State1', '58722'),
(547, 'First547', 'Last547', 'customer547@example.com', '507-5173', '617 Main St', 'City7', 'State2', '81029'),
(548, 'First548', 'Last548', 'customer548@example.com', '777-5365', '352 Main St', 'City8', 'State3', '93418'),
(549, 'First549', 'Last549', 'customer549@example.com', '793-4806', '632 Main St', 'City9', 'State4', '86370'),
(550, 'First550', 'Last550', 'customer550@example.com', '334-4041', '964 Main St', 'City0', 'State0', '96539'),
(551, 'First551', 'Last551', 'customer551@example.com', '645-1111', '367 Main St', 'City1', 'State1', '97727'),
(552, 'First552', 'Last552', 'customer552@example.com', '178-2402', '168 Main St', 'City2', 'State2', '75423'),
(553, 'First553', 'Last553', 'customer553@example.com', '120-7004', '767 Main St', 'City3', 'State3', '43365'),
(554, 'First554', 'Last554', 'customer554@example.com', '285-2784', '292 Main St', 'City4', 'State4', '60543'),
(555, 'First555', 'Last555', 'customer555@example.com', '882-7016', '121 Main St', 'City5', 'State0', '36290'),
(556, 'First556', 'Last556', 'customer556@example.com', '570-4524', '582 Main St', 'City6', 'State1', '69732'),
(557, 'First557', 'Last557', 'customer557@example.com', '643-3612', '855 Main St', 'City7', 'State2', '21174'),
(558, 'First558', 'Last558', 'customer558@example.com', '354-2466', '632 Main St', 'City8', 'State3', '86823'),
(559, 'First559', 'Last559', 'customer559@example.com', '870-5573', '785 Main St', 'City9', 'State4', '73747'),
(560, 'First560', 'Last560', 'customer560@example.com', '457-3221', '816 Main St', 'City0', 'State0', '96139'),
(561, 'First561', 'Last561', 'customer561@example.com', '534-8916', '365 Main St', 'City1', 'State1', '20248'),
(562, 'First562', 'Last562', 'customer562@example.com', '792-3291', '184 Main St', 'City2', 'State2', '78966'),
(563, 'First563', 'Last563', 'customer563@example.com', '491-3726', '698 Main St', 'City3', 'State3', '33300'),
(564, 'First564', 'Last564', 'customer564@example.com', '238-6586', '438 Main St', 'City4', 'State4', '60568'),
(565, 'First565', 'Last565', 'customer565@example.com', '283-5377', '459 Main St', 'City5', 'State0', '14629'),
(566, 'First566', 'Last566', 'customer566@example.com', '413-6230', '604 Main St', 'City6', 'State1', '13251'),
(567, 'First567', 'Last567', 'customer567@example.com', '934-2979', '975 Main St', 'City7', 'State2', '50498'),
(568, 'First568', 'Last568', 'customer568@example.com', '723-1181', '377 Main St', 'City8', 'State3', '60590'),
(569, 'First569', 'Last569', 'customer569@example.com', '810-5010', '961 Main St', 'City9', 'State4', '77797'),
(570, 'First570', 'Last570', 'customer570@example.com', '611-7893', '171 Main St', 'City0', 'State0', '60868'),
(571, 'First571', 'Last571', 'customer571@example.com', '468-1845', '910 Main St', 'City1', 'State1', '30855'),
(572, 'First572', 'Last572', 'customer572@example.com', '705-9402', '798 Main St', 'City2', 'State2', '78002'),
(573, 'First573', 'Last573', 'customer573@example.com', '730-7701', '730 Main St', 'City3', 'State3', '84019'),
(574, 'First574', 'Last574', 'customer574@example.com', '817-6475', '984 Main St', 'City4', 'State4', '11564'),
(575, 'First575', 'Last575', 'customer575@example.com', '931-4746', '419 Main St', 'City5', 'State0', '57378'),
(576, 'First576', 'Last576', 'customer576@example.com', '492-9137', '275 Main St', 'City6', 'State1', '18566'),
(577, 'First577', 'Last577', 'customer577@example.com', '795-8706', '315 Main St', 'City7', 'State2', '93765'),
(578, 'First578', 'Last578', 'customer578@example.com', '743-6060', '869 Main St', 'City8', 'State3', '74228'),
(579, 'First579', 'Last579', 'customer579@example.com', '305-8352', '809 Main St', 'City9', 'State4', '16815'),
(580, 'First580', 'Last580', 'customer580@example.com', '302-4113', '486 Main St', 'City0', 'State0', '50550'),
(581, 'First581', 'Last581', 'customer581@example.com', '966-3178', '776 Main St', 'City1', 'State1', '95845'),
(582, 'First582', 'Last582', 'customer582@example.com', '721-3616', '781 Main St', 'City2', 'State2', '94828'),
(583, 'First583', 'Last583', 'customer583@example.com', '315-2676', '832 Main St', 'City3', 'State3', '59841'),
(584, 'First584', 'Last584', 'customer584@example.com', '290-3380', '141 Main St', 'City4', 'State4', '98104'),
(585, 'First585', 'Last585', 'customer585@example.com', '622-2804', '444 Main St', 'City5', 'State0', '50783'),
(586, 'First586', 'Last586', 'customer586@example.com', '110-2760', '303 Main St', 'City6', 'State1', '66713'),
(587, 'First587', 'Last587', 'customer587@example.com', '717-7113', '944 Main St', 'City7', 'State2', '27824'),
(588, 'First588', 'Last588', 'customer588@example.com', '691-7129', '650 Main St', 'City8', 'State3', '76967'),
(589, 'First589', 'Last589', 'customer589@example.com', '556-7465', '864 Main St', 'City9', 'State4', '31587'),
(590, 'First590', 'Last590', 'customer590@example.com', '319-4884', '279 Main St', 'City0', 'State0', '97940'),
(591, 'First591', 'Last591', 'customer591@example.com', '112-3790', '529 Main St', 'City1', 'State1', '15811'),
(592, 'First592', 'Last592', 'customer592@example.com', '380-2131', '386 Main St', 'City2', 'State2', '41345'),
(593, 'First593', 'Last593', 'customer593@example.com', '185-6176', '658 Main St', 'City3', 'State3', '60879'),
(594, 'First594', 'Last594', 'customer594@example.com', '132-7228', '889 Main St', 'City4', 'State4', '50031'),
(595, 'First595', 'Last595', 'customer595@example.com', '623-4469', '946 Main St', 'City5', 'State0', '76196'),
(596, 'First596', 'Last596', 'customer596@example.com', '302-6805', '862 Main St', 'City6', 'State1', '33061'),
(597, 'First597', 'Last597', 'customer597@example.com', '761-6424', '490 Main St', 'City7', 'State2', '93845'),
(598, 'First598', 'Last598', 'customer598@example.com', '496-8006', '687 Main St', 'City8', 'State3', '83869'),
(599, 'First599', 'Last599', 'customer599@example.com', '477-8725', '811 Main St', 'City9', 'State4', '13007'),
(600, 'dfdfdf', 'dffd', 'dskkdsks@kfekfdfd.com', '7444-5555', '555 fggf ff', 'ffgfg', 'fdfdf', '55681'),
(602, 'y5', 'y5', 'v5@e.com', '5555555', 'v', 'v', 'v', '555'),
(603, 'dd', 'd', 'd@s', '2233223', 'x23', '32', '23', '2'),
(604, '44', '44', '4f@e', '44', 'f4f4', 'f44', '44f', '44444'),
(605, 'dd', 'ddd', 'dd@dd.com', '2232333', 'dd', 'dd', 'dd', '33333');

-- --------------------------------------------------------

--
-- Table structure for table `employees`
--

CREATE TABLE `employees` (
  `EmployeeID` int(11) NOT NULL,
  `FirstName` varchar(50) NOT NULL,
  `LastName` varchar(50) NOT NULL,
  `Position` varchar(50) DEFAULT NULL,
  `Salary` decimal(10,2) DEFAULT NULL,
  `HireDate` date DEFAULT NULL
) ENGINE=InnoDB DEFAULT CHARSET=utf8mb4 COLLATE=utf8mb4_general_ci;

--
-- Dumping data for table `employees`
--

INSERT INTO `employees` (`EmployeeID`, `FirstName`, `LastName`, `Position`, `Salary`, `HireDate`) VALUES
(1, 'Khalid', 'Mansour', 'Mechanic', 61661.49, '2020-05-04'),
(2, 'Abdullah', 'Haddad', 'Finance Manager', 42430.37, '2021-01-22'),
(3, 'Hassan', 'Fakhoury', 'Mechanic', 57407.63, '2022-04-05'),
(4, 'Hana', 'Mansour', 'Mechanic', 47941.63, '2021-11-24'),
(5, 'Abdullah', 'Fakhoury', 'Sales Associate', 54401.12, '2022-05-06'),
(6, 'Khalid', 'Najjar', 'Sales Associate', 36541.02, '2020-10-16'),
(7, 'Mahmoud', 'Farah', 'Sales Manager', 41440.78, '2021-06-10'),
(8, 'Salma', 'Zahran', 'Service Advisor', 62189.63, '2020-02-15'),
(9, 'Layla', 'Saleh', 'Sales Associate', 65817.26, '2020-01-12'),
(10, 'Layla', 'Ghanem', 'Finance Manager', 49298.65, '2022-02-28'),
(11, 'Ahmed', 'Rashed', 'Sales Associate', 64123.37, '2021-05-13'),
(12, 'Hassan', 'Fadel', 'Mechanic', 52158.43, '2020-09-20'),
(13, 'Khalid', 'Atallah', 'Mechanic', 38640.16, '2022-10-14'),
(14, 'Noor', 'Yassin', 'Service Advisor', 37082.35, '2021-11-18'),
(15, 'Omar', 'Khalil', 'Service Advisor', 45544.02, '2022-09-21'),
(16, 'Sara', 'Rashed', 'Service Advisor', 35675.56, '2020-04-24'),
(17, 'Abdullah', 'Rashed', 'Finance Manager', 68848.92, '2020-06-12'),
(18, 'Aisha', 'Mansour', 'Sales Associate', 52576.92, '2022-03-21'),
(19, 'Zainab', 'Nasser', 'Service Advisor', 50178.11, '2022-08-10'),
(20, 'Layla', 'Hamad', 'Sales Associate', 37067.24, '2022-07-14'),
(21, 'Khalid', 'Ali', 'Service Advisor', 39143.46, '2021-02-23'),
(22, 'Sara', 'Awad', 'Sales Associate', 65259.37, '2021-02-09'),
(23, 'Sara', 'Mustafa', 'Service Advisor', 39117.99, '2022-12-06'),
(24, 'Ahmed', 'Ghanem', 'Sales Manager', 62527.98, '2022-10-28'),
(25, 'Mariam', 'Ghanem', 'Service Advisor', 52476.74, '2022-02-03'),
(26, 'Noor', 'Hamad', 'Finance Manager', 66536.29, '2022-08-19'),
(27, 'Ali', 'Bishara', 'Service Advisor', 47294.03, '2020-09-14'),
(28, 'Salma', 'Yassin', 'Finance Manager', 56548.29, '2021-07-18'),
(29, 'Ali', 'Abboud', 'Sales Manager', 63565.87, '2021-05-02'),
(30, 'Abdullah', 'Tamimi', 'Finance Manager', 42655.11, '2020-01-31'),
(31, 'Mariam', 'Ramadan', 'Service Advisor', 50652.67, '2022-01-17'),
(32, 'Sara', 'Darwish', 'Service Advisor', 50436.96, '2022-06-30'),
(33, 'Yasmin', 'Mustafa', 'Mechanic', 63003.20, '2022-01-25'),
(34, 'Ahmed', 'Barakat', 'Sales Manager', 39331.25, '2021-08-04'),
(35, 'Ibrahim', 'Shami', 'Finance Manager', 48519.01, '2022-07-01'),
(36, 'Ali', 'Salim', 'Sales Associate', 37455.22, '2020-07-18'),
(37, 'Mahmoud', 'Mansour', 'Sales Manager', 64976.83, '2020-03-30'),
(38, 'Mariam', 'Shalhoub', 'Sales Manager', 56041.52, '2022-09-17'),
(39, 'Mariam', 'Fakhoury', 'Mechanic', 49105.52, '2022-06-04');

-- --------------------------------------------------------

--
-- Table structure for table `orders`
--

CREATE TABLE `orders` (
  `OrderID` int(11) NOT NULL,
  `OrderDate` date NOT NULL,
  `CarID` int(11) NOT NULL,
  `CustomerID` int(11) NOT NULL,
  `EmployeeID` int(11) DEFAULT NULL,
  `Quantity` int(11) DEFAULT 1,
  `TotalPrice` decimal(10,2) NOT NULL
) ENGINE=InnoDB DEFAULT CHARSET=utf8mb4 COLLATE=utf8mb4_general_ci;

--
-- Dumping data for table `orders`
--

INSERT INTO `orders` (`OrderID`, `OrderDate`, `CarID`, `CustomerID`, `EmployeeID`, `Quantity`, `TotalPrice`) VALUES
(1, '2024-11-12', 3, 49, 7, 3, 91496.00),
(2, '2023-05-23', 49, 52, 14, 2, 46997.69),
(3, '2023-07-11', 46, 66, 32, 1, 30795.04),
(4, '2023-12-19', 48, 43, 8, 3, 67677.70),
(5, '2023-01-25', 5, 30, 27, 2, 74499.03),
(6, '2023-11-11', 64, 19, 13, 2, 65836.48),
(7, '2023-06-25', 55, 68, 36, 3, 80465.09),
(8, '2023-06-03', 100, 63, 14, 2, 50850.00),
(9, '2023-01-11', 82, 3, 23, 1, 28458.29),
(10, '2023-10-12', 14, 85, 3, 1, 33415.16),
(11, '2023-10-13', 74, 41, 18, 2, 40274.83),
(12, '2023-01-09', 4, 50, 29, 2, 61438.58),
(13, '2023-03-11', 46, 95, 3, 1, 34952.85),
(14, '2023-06-20', 50, 51, 32, 2, 74432.41),
(15, '2023-01-08', 51, 32, 23, 1, 36460.61),
(16, '2023-04-16', 35, 1, 17, 2, 49834.11),
(17, '2023-12-26', 51, 69, 9, 3, 95404.49),
(18, '2023-12-01', 100, 85, 30, 1, 38164.48),
(19, '2023-05-20', 53, 75, 22, 3, 75037.13),
(20, '2023-01-04', 95, 4, 12, 2, 73752.74),
(21, '2023-02-11', 7, 93, 14, 1, 25634.33),
(22, '2023-08-01', 14, 51, 6, 1, 29274.80),
(23, '2023-03-14', 87, 75, 24, 2, 62673.17),
(24, '2023-05-06', 59, 86, 8, 1, 32325.14),
(25, '2023-12-12', 9, 95, 16, 2, 59172.84),
(26, '2023-01-03', 62, 20, 18, 1, 16612.25),
(27, '2023-08-21', 98, 30, 34, 2, 52663.47),
(28, '2023-07-10', 79, 47, 23, 1, 21888.90),
(29, '2023-08-28', 37, 1, 20, 2, 65329.51),
(30, '2023-09-04', 93, 25, 33, 2, 34054.82),
(31, '2023-08-31', 81, 61, 7, 2, 41579.85),
(32, '2023-10-02', 29, 86, 33, 1, 28846.31),
(33, '2023-03-02', 92, 2, 23, 1, 36176.50),
(34, '2023-10-26', 28, 70, 24, 2, 47985.16),
(35, '2023-06-11', 75, 77, 39, 3, 97514.95),
(36, '2023-03-12', 48, 34, 28, 1, 23268.26),
(37, '2023-06-05', 46, 70, 21, 2, 62802.21),
(38, '2023-10-01', 5, 25, 36, 3, 47815.75),
(39, '2023-03-25', 44, 72, 39, 2, 75248.96),
(40, '2023-09-10', 73, 30, 33, 2, 39102.17),
(41, '2023-11-20', 42, 37, 37, 2, 66087.97),
(42, '2023-09-02', 64, 13, 30, 2, 72065.02),
(43, '2023-02-06', 34, 63, 11, 2, 31397.20),
(44, '2023-07-12', 72, 11, 8, 2, 62975.17),
(45, '2023-05-10', 56, 30, 37, 3, 47195.69),
(46, '2023-12-16', 71, 76, 23, 2, 34081.41),
(47, '2023-08-23', 72, 94, 36, 1, 27272.68),
(48, '2023-04-23', 86, 16, 39, 1, 28235.55),
(49, '2023-07-07', 24, 88, 18, 1, 32748.63),
(50, '2023-02-03', 1, 68, 28, 1, 17593.80),
(51, '2023-04-27', 24, 18, 24, 2, 30482.24),
(52, '2023-11-15', 88, 44, 8, 3, 82408.76),
(53, '2023-03-27', 84, 62, 30, 2, 56241.22),
(54, '2023-02-18', 40, 62, 8, 3, 60572.81),
(55, '2023-05-17', 49, 3, 19, 1, 38283.11),
(56, '2023-05-31', 60, 67, 30, 1, 19724.60),
(57, '2023-04-25', 91, 87, 34, 1, 26769.72),
(58, '2023-01-14', 71, 37, 3, 1, 21259.86),
(59, '2023-05-06', 69, 77, 6, 2, 35807.71),
(60, '2023-01-22', 14, 35, 30, 1, 24669.97),
(61, '2023-04-05', 33, 93, 5, 1, 36855.03),
(62, '2023-10-11', 54, 11, 8, 1, 33109.23),
(63, '2023-06-16', 62, 69, 12, 1, 20533.62),
(64, '2023-03-22', 64, 4, 19, 3, 66088.24),
(65, '2023-03-25', 80, 40, 30, 3, 86595.47),
(66, '2023-06-07', 54, 32, 10, 2, 56134.71),
(67, '2023-06-09', 37, 2, 4, 1, 33874.79),
(68, '2023-08-12', 95, 3, 1, 1, 37763.70),
(69, '2023-11-19', 100, 88, 7, 2, 59904.65),
(70, '2023-08-24', 1, 51, 11, 2, 61388.03),
(71, '2023-07-27', 12, 17, 20, 2, 50417.54),
(72, '2023-09-06', 35, 9, 31, 2, 75678.63),
(73, '2023-07-20', 12, 60, 24, 1, 32366.44),
(74, '2023-10-28', 75, 66, 7, 3, 66978.61),
(75, '2023-03-18', 23, 19, 17, 2, 69005.36),
(76, '2023-11-17', 74, 36, 6, 3, 79472.66),
(77, '2023-01-18', 49, 40, 16, 2, 67128.70),
(78, '2023-11-03', 18, 73, 1, 3, 61677.93),
(79, '2023-02-23', 79, 12, 6, 3, 75086.11),
(80, '2023-12-04', 28, 72, 26, 2, 51130.47),
(81, '2023-05-26', 99, 54, 1, 2, 50347.60),
(82, '2023-02-17', 93, 63, 20, 1, 26443.17),
(83, '2023-02-15', 42, 20, 24, 3, 86794.36),
(84, '2023-12-20', 3, 43, 17, 1, 30333.45),
(85, '2023-05-03', 2, 29, 39, 3, 71209.51),
(86, '2023-05-18', 92, 92, 17, 2, 30850.37),
(87, '2023-09-03', 97, 42, 27, 1, 26059.95),
(88, '2023-10-31', 1, 3, 39, 2, 66128.05),
(89, '2023-02-28', 3, 42, 37, 3, 107265.20),
(90, '2023-02-07', 4, 94, 16, 1, 17619.45),
(91, '2023-08-02', 32, 56, 38, 2, 45528.95),
(92, '2023-02-06', 86, 74, 39, 2, 73124.18),
(93, '2023-03-21', 71, 24, 14, 2, 36320.38),
(94, '2023-09-13', 46, 11, 21, 1, 35923.65),
(95, '2023-09-23', 13, 6, 27, 3, 78593.11),
(96, '2023-11-27', 69, 47, 20, 3, 108668.87),
(97, '2023-02-14', 89, 32, 38, 2, 32567.21),
(98, '2023-07-18', 12, 9, 20, 3, 72507.79),
(99, '2023-05-18', 100, 38, 38, 1, 22383.94),
(100, '2023-11-05', 57, 7, 27, 1, 23206.71),
(101, '2023-11-15', 58, 46, 16, 2, 70671.52),
(102, '2023-09-19', 15, 51, 19, 3, 113203.21),
(103, '2023-06-29', 72, 24, 1, 1, 38716.23),
(104, '2023-10-18', 20, 57, 18, 3, 98386.30),
(105, '2023-02-02', 44, 44, 21, 2, 59217.18),
(106, '2023-04-04', 39, 31, 30, 3, 56265.08),
(107, '2023-03-05', 70, 92, 15, 2, 45468.14),
(108, '2023-06-25', 11, 97, 2, 1, 19595.71),
(109, '2023-03-07', 89, 71, 31, 3, 86232.72),
(110, '2023-06-29', 41, 80, 35, 2, 38519.61),
(111, '2023-01-15', 34, 28, 24, 2, 33367.59),
(112, '2023-01-08', 44, 89, 37, 2, 68332.58),
(113, '2023-06-04', 96, 7, 35, 1, 38322.96),
(114, '2023-12-01', 44, 47, 1, 2, 69898.29),
(115, '2023-08-19', 66, 55, 28, 2, 77745.28),
(116, '2023-05-02', 63, 93, 17, 2, 77388.69),
(117, '2023-07-25', 70, 84, 10, 2, 43623.77),
(118, '2023-07-12', 61, 85, 32, 1, 21771.09),
(119, '2023-03-27', 47, 17, 7, 1, 24786.45),
(120, '2023-07-18', 89, 13, 21, 1, 30013.09),
(121, '2023-05-05', 22, 30, 28, 2, 55482.03),
(122, '2023-01-10', 77, 92, 36, 2, 41639.30),
(123, '2023-12-05', 27, 97, 35, 2, 52484.55),
(124, '2023-04-30', 57, 63, 12, 2, 70707.09),
(125, '2023-10-19', 85, 61, 17, 1, 22992.30),
(127, '2023-06-17', 79, 7, 27, 2, 70035.47),
(128, '2023-05-13', 23, 72, 27, 2, 43807.55),
(129, '2023-11-28', 14, 51, 10, 1, 21849.52),
(130, '2023-05-10', 81, 28, 26, 3, 65393.20),
(131, '2023-06-27', 80, 74, 11, 3, 112767.05),
(132, '2023-02-03', 86, 37, 39, 1, 24312.90),
(133, '2023-03-29', 52, 98, 8, 3, 110062.50),
(134, '2023-05-04', 76, 54, 29, 3, 91792.87),
(135, '2023-09-10', 11, 61, 30, 1, 17416.37),
(136, '2023-08-19', 31, 94, 23, 2, 53340.69),
(137, '2023-06-18', 44, 41, 11, 2, 58930.91),
(138, '2023-09-18', 9, 90, 11, 3, 62946.94),
(139, '2023-11-11', 89, 17, 13, 3, 102509.11),
(140, '2023-06-15', 98, 80, 28, 1, 32183.80),
(141, '2023-01-08', 56, 9, 36, 2, 57039.32),
(142, '2023-03-24', 74, 59, 26, 1, 19121.57),
(143, '2023-05-11', 84, 87, 38, 2, 59198.02),
(144, '2023-06-16', 36, 46, 33, 2, 47421.09),
(145, '2023-01-27', 64, 82, 24, 1, 18652.46),
(146, '2023-11-03', 93, 80, 13, 1, 16838.98),
(147, '2023-08-18', 20, 100, 24, 2, 56158.49),
(148, '2023-03-30', 63, 92, 26, 1, 34535.75),
(149, '2023-11-21', 89, 29, 7, 3, 104630.21),
(150, '2023-08-02', 60, 29, 15, 3, 87145.83),
(151, '2023-07-15', 51, 20, 25, 1, 19254.74),
(153, '2023-04-15', 86, 47, 25, 2, 58656.41),
(154, '2023-05-25', 78, 2, 10, 3, 103629.27),
(155, '2023-01-02', 76, 35, 33, 1, 28561.38),
(156, '2023-04-11', 67, 80, 12, 2, 31640.07),
(157, '2023-06-03', 31, 44, 18, 2, 41597.80),
(158, '2023-04-06', 71, 73, 39, 2, 63033.26),
(159, '2023-02-15', 29, 30, 1, 1, 28289.06),
(160, '2023-04-10', 5, 47, 11, 1, 16766.18),
(161, '2023-09-01', 37, 23, 5, 2, 48554.85),
(162, '2023-02-27', 38, 75, 18, 1, 27922.12),
(163, '2023-08-28', 90, 16, 34, 2, 59294.58),
(164, '2023-04-06', 52, 89, 25, 1, 21269.93),
(165, '2023-09-06', 6, 15, 8, 2, 73929.31),
(166, '2023-03-13', 67, 79, 24, 3, 56038.39),
(167, '2023-08-26', 93, 8, 24, 1, 17586.66),
(168, '2023-04-07', 19, 44, 39, 2, 36973.14),
(169, '2023-05-19', 31, 32, 21, 3, 95841.47),
(170, '2023-09-15', 90, 88, 20, 2, 64804.54),
(171, '2023-11-23', 25, 21, 15, 2, 50788.75),
(172, '2023-07-25', 13, 25, 10, 3, 112236.97),
(173, '2023-03-12', 51, 83, 17, 3, 101100.50),
(174, '2023-02-13', 16, 82, 19, 2, 72962.72),
(175, '2023-11-28', 99, 26, 36, 1, 16589.72),
(176, '2023-08-08', 88, 3, 2, 2, 44490.51),
(177, '2023-12-01', 81, 47, 29, 1, 20100.02),
(179, '2024-12-03', 616, 605, 39, 3333, 3333.00),
(180, '2024-12-12', 1, 10, 8, 4, 44.00);

-- --------------------------------------------------------

--
-- Table structure for table `payments`
--

CREATE TABLE `payments` (
  `PaymentID` int(11) NOT NULL,
  `OrderID` int(11) NOT NULL,
  `PaymentDate` date NOT NULL,
  `PaymentMethod` varchar(50) DEFAULT NULL,
  `Amount` decimal(10,2) NOT NULL
) ENGINE=InnoDB DEFAULT CHARSET=utf8mb4 COLLATE=utf8mb4_general_ci;

--
-- Dumping data for table `payments`
--

INSERT INTO `payments` (`PaymentID`, `OrderID`, `PaymentDate`, `PaymentMethod`, `Amount`) VALUES
(1, 1, '2023-08-10', 'Cash', 32031.74),
(2, 2, '2023-03-18', 'Loan', 39245.78),
(3, 3, '2023-09-11', 'Credit Card', 24102.28),
(4, 4, '2023-10-27', 'Bank Transfer', 29681.05),
(5, 5, '2023-10-28', 'Bank Transfer', 27068.40),
(6, 6, '2023-08-22', 'Bank Transfer', 23877.02),
(7, 7, '2023-02-25', 'Loan', 24507.26),
(8, 8, '2023-02-03', 'Credit Card', 16662.55),
(9, 9, '2023-05-07', 'Cash', 28547.56),
(10, 10, '2023-10-30', 'Credit Card', 35621.63),
(11, 11, '2023-07-26', 'Cash', 31361.26),
(12, 12, '2023-06-27', 'Bank Transfer', 31859.90),
(13, 13, '2023-12-26', 'Credit Card', 39498.59),
(14, 14, '2023-06-30', 'Credit Card', 33494.47),
(15, 15, '2023-03-26', 'Cash', 18941.23),
(16, 16, '2023-06-26', 'Bank Transfer', 21850.00),
(17, 17, '2023-11-22', 'Loan', 35623.30),
(18, 18, '2023-11-27', 'Loan', 21406.16),
(19, 19, '2023-05-19', 'Bank Transfer', 32355.00),
(20, 20, '2023-09-02', 'Credit Card', 35340.54),
(21, 21, '2023-07-02', 'Credit Card', 35330.23),
(22, 22, '2023-06-15', 'Cash', 34442.54),
(23, 23, '2023-02-04', 'Bank Transfer', 15750.68),
(24, 24, '2023-12-31', 'Loan', 21349.08),
(25, 25, '2023-04-29', 'Cash', 38228.54),
(26, 26, '2023-01-03', 'Cash', 30335.78),
(27, 27, '2023-04-24', 'Loan', 37618.15),
(28, 28, '2023-11-19', 'Bank Transfer', 39373.42),
(29, 29, '2023-04-01', 'Cash', 27385.86),
(30, 30, '2023-03-17', 'Loan', 24013.83),
(31, 31, '2023-06-23', 'Loan', 15180.96),
(32, 32, '2023-03-09', 'Loan', 16207.90),
(33, 33, '2023-06-13', 'Credit Card', 33937.15),
(34, 34, '2023-11-11', 'Loan', 30116.51),
(35, 35, '2023-12-22', 'Credit Card', 26232.34),
(36, 36, '2023-09-15', 'Loan', 39991.25),
(37, 37, '2023-06-26', 'Cash', 25789.96),
(38, 38, '2023-07-29', 'Cash', 20317.14),
(39, 39, '2023-12-27', 'Bank Transfer', 21690.58),
(40, 40, '2023-12-23', 'Credit Card', 23506.60),
(41, 41, '2023-04-09', 'Credit Card', 35998.24),
(42, 42, '2023-12-18', 'Cash', 35473.50),
(43, 43, '2023-06-24', 'Cash', 25751.30),
(44, 44, '2023-12-03', 'Cash', 24701.05),
(45, 45, '2023-05-27', 'Credit Card', 31809.41),
(46, 46, '2023-03-26', 'Bank Transfer', 23226.28),
(47, 47, '2023-03-18', 'Bank Transfer', 23660.00),
(48, 48, '2023-07-22', 'Loan', 23314.65),
(49, 49, '2023-11-18', 'Cash', 30706.02),
(50, 50, '2023-04-03', 'Loan', 39483.15),
(51, 51, '2023-10-14', 'Loan', 23559.27),
(52, 52, '2023-07-12', 'Bank Transfer', 30256.35),
(53, 53, '2023-10-15', 'Loan', 16020.80),
(54, 54, '2023-06-15', 'Cash', 20953.96),
(55, 55, '2023-01-01', 'Cash', 20583.22),
(56, 56, '2023-07-04', 'Bank Transfer', 25157.36),
(57, 57, '2023-04-04', 'Cash', 23652.14),
(58, 58, '2023-12-25', 'Credit Card', 39159.23),
(59, 59, '2023-08-24', 'Bank Transfer', 24346.19),
(60, 60, '2023-08-08', 'Cash', 24695.41),
(61, 61, '2023-12-12', 'Loan', 38222.54),
(62, 62, '2023-04-09', 'Bank Transfer', 31832.98),
(63, 63, '2023-02-03', 'Bank Transfer', 33667.55),
(64, 64, '2023-02-20', 'Loan', 29498.02),
(65, 65, '2023-10-01', 'Cash', 29536.75),
(66, 66, '2023-08-03', 'Credit Card', 30189.80),
(67, 67, '2023-06-10', 'Credit Card', 26712.44),
(68, 68, '2023-12-09', 'Loan', 17022.40),
(69, 69, '2023-01-05', 'Cash', 17553.47),
(70, 70, '2023-11-06', 'Loan', 17806.26),
(71, 71, '2023-10-03', 'Credit Card', 26601.14),
(72, 72, '2023-09-05', 'Loan', 36831.82),
(73, 73, '2023-05-11', 'Cash', 15506.77),
(74, 74, '2023-12-05', 'Loan', 32886.68),
(75, 75, '2023-11-11', 'Cash', 21126.32),
(76, 76, '2023-01-16', 'Cash', 30800.69),
(77, 77, '2023-04-23', 'Credit Card', 29500.25),
(78, 78, '2023-06-29', 'Bank Transfer', 20959.39),
(79, 79, '2023-08-01', 'Cash', 25710.31),
(80, 80, '2023-11-26', 'Bank Transfer', 23918.97),
(81, 81, '2023-09-30', 'Cash', 26113.68),
(82, 82, '2023-03-05', 'Bank Transfer', 15130.45),
(83, 83, '2023-08-13', 'Credit Card', 28113.47),
(84, 84, '2023-04-12', 'Credit Card', 20471.37),
(85, 85, '2023-07-19', 'Bank Transfer', 29603.84),
(86, 86, '2023-09-16', 'Loan', 36887.75),
(87, 87, '2023-01-15', 'Cash', 23886.44),
(88, 88, '2023-11-26', 'Cash', 37480.41),
(89, 89, '2023-09-24', 'Cash', 15746.45),
(90, 90, '2023-03-19', 'Cash', 39180.94),
(91, 91, '2023-05-09', 'Cash', 15407.71),
(92, 92, '2023-02-20', 'Cash', 39622.92),
(93, 93, '2023-02-17', 'Bank Transfer', 35424.97),
(94, 94, '2023-07-17', 'Credit Card', 33316.00),
(95, 95, '2023-12-21', 'Cash', 27588.74),
(96, 96, '2023-11-17', 'Bank Transfer', 23356.37),
(97, 97, '2023-05-03', 'Credit Card', 31093.64),
(98, 98, '2023-01-16', 'Cash', 26846.20),
(99, 99, '2023-07-22', 'Bank Transfer', 31018.83),
(100, 100, '2023-08-29', 'Loan', 23295.55),
(101, 101, '2023-04-14', 'Cash', 29614.50),
(102, 102, '2023-11-13', 'Loan', 15123.71),
(103, 103, '2023-12-03', 'Cash', 26309.78),
(104, 104, '2023-08-11', 'Bank Transfer', 19500.74),
(105, 105, '2023-08-15', 'Loan', 36190.88),
(106, 106, '2023-12-26', 'Loan', 35466.14),
(107, 107, '2023-05-15', 'Cash', 37697.95),
(108, 108, '2023-10-20', 'Loan', 18479.66),
(109, 109, '2023-01-13', 'Credit Card', 19870.46),
(110, 110, '2023-11-09', 'Credit Card', 37801.00),
(111, 111, '2023-06-07', 'Loan', 24159.33),
(112, 112, '2023-08-07', 'Bank Transfer', 26332.33),
(113, 113, '2023-11-30', 'Bank Transfer', 38779.72),
(114, 114, '2023-10-18', 'Credit Card', 23123.32),
(115, 115, '2023-09-05', 'Bank Transfer', 34948.29),
(116, 116, '2023-01-20', 'Bank Transfer', 37076.69),
(117, 117, '2023-04-25', 'Cash', 26676.85),
(118, 118, '2023-04-07', 'Loan', 27722.16),
(119, 119, '2023-04-14', 'Bank Transfer', 17664.44),
(120, 120, '2023-10-19', 'Bank Transfer', 35299.85),
(121, 121, '2023-02-01', 'Bank Transfer', 19812.06),
(122, 122, '2023-07-24', 'Credit Card', 17711.76),
(123, 123, '2023-04-15', 'Loan', 29228.98),
(124, 124, '2023-04-06', 'Loan', 16501.23),
(125, 125, '2023-05-30', 'Cash', 28125.23),
(127, 127, '2023-09-30', 'Credit Card', 38448.85),
(128, 6, '2024-12-01', 'Cash', 444.00);

-- --------------------------------------------------------

--
-- Table structure for table `services`
--

CREATE TABLE `services` (
  `ServiceID` int(11) NOT NULL,
  `CarID` int(11) NOT NULL,
  `CustomerID` int(11) NOT NULL,
  `ServiceDate` date NOT NULL,
  `ServiceDescription` varchar(255) DEFAULT NULL,
  `Cost` decimal(10,2) DEFAULT NULL
) ENGINE=InnoDB DEFAULT CHARSET=utf8mb4 COLLATE=utf8mb4_general_ci;

--
-- Dumping data for table `services`
--

INSERT INTO `services` (`ServiceID`, `CarID`, `CustomerID`, `ServiceDate`, `ServiceDescription`, `Cost`) VALUES
(1, 77, 34, '2023-12-27', 'Tire rotation', 354.00),
(2, 54, 71, '2023-01-25', 'Body fix', 446.60),
(3, 45, 23, '2023-02-01', 'Tire rotation', 447.17),
(4, 38, 41, '2023-08-26', 'Air filter replacement', 162.25),
(5, 21, 75, '2023-07-23', 'Oil change', 143.65),
(6, 69, 74, '2023-05-09', 'Battery replacement', 378.08),
(7, 79, 76, '2023-06-07', 'Oil change', 359.73),
(8, 53, 19, '2023-02-23', 'Body fix', 225.45),
(9, 91, 78, '2023-03-16', 'Air filter replacement', 233.10),
(10, 73, 94, '2023-09-26', 'Tire rotation', 239.85),
(11, 93, 89, '2023-09-29', 'Air filter replacement', 152.66),
(12, 46, 82, '2023-04-04', 'Brake inspection', 359.02),
(13, 16, 97, '2023-09-15', 'Air filter replacement', 325.71),
(14, 99, 31, '2023-11-27', 'Brake inspection', 54.77),
(15, 68, 82, '2023-09-02', 'Air filter replacement', 150.98),
(16, 74, 71, '2023-07-13', 'Battery replacement', 280.93),
(17, 72, 1, '2023-10-31', 'Oil change', 423.48),
(18, 84, 51, '2023-11-18', 'Battery replacement', 123.17),
(19, 20, 59, '2023-08-13', 'Body fix', 140.52),
(20, 45, 75, '2023-10-31', 'Tire rotation', 372.96),
(21, 95, 69, '2023-06-29', 'Air filter replacement', 479.14),
(22, 89, 60, '2023-05-29', 'Body fix', 125.04),
(23, 85, 74, '2023-06-25', 'Battery replacement', 309.73),
(24, 63, 8, '2023-02-27', 'Tire rotation', 404.27),
(25, 9, 90, '2023-05-21', 'Tire rotation', 258.07),
(26, 88, 55, '2023-09-29', 'Oil change', 330.47),
(27, 26, 58, '2023-03-27', 'Air filter replacement', 374.52),
(28, 1, 15, '2023-10-27', 'Battery replacement', 343.45),
(29, 35, 13, '2023-12-09', 'Oil change', 415.07),
(30, 71, 47, '2023-12-13', 'Tire rotation', 469.29),
(31, 9, 27, '2023-12-18', 'Battery replacement', 71.94),
(32, 100, 59, '2023-10-31', 'Air filter replacement', 108.84),
(33, 61, 98, '2023-03-05', 'Brake inspection', 289.72),
(34, 27, 29, '2023-10-13', 'Brake inspection', 220.94),
(35, 51, 63, '2023-07-25', 'Air filter replacement', 405.61),
(36, 9, 4, '2023-02-01', 'Oil change', 127.46),
(37, 45, 84, '2023-10-30', 'Oil change', 231.76),
(38, 99, 28, '2023-11-13', 'Engine fix', 202.90),
(39, 56, 77, '2023-08-04', 'Body fix', 278.91),
(40, 20, 59, '2023-01-08', 'Oil change', 164.48),
(41, 90, 68, '2023-04-15', 'Brake inspection', 196.03),
(42, 67, 42, '2023-03-29', 'Engine fix', 289.92),
(43, 12, 66, '2023-02-02', 'Battery replacement', 412.27),
(44, 69, 13, '2023-05-10', 'Brake inspection', 344.33),
(45, 100, 41, '2023-12-03', 'Oil change', 410.21),
(46, 47, 66, '2023-05-06', 'Battery replacement', 116.24),
(47, 51, 28, '2023-12-27', 'Engine fix', 374.75),
(48, 63, 5, '2023-02-10', 'Battery replacement', 197.61),
(49, 62, 45, '2023-01-22', 'Engine fix', 120.71),
(50, 19, 40, '2023-09-25', 'Oil change', 323.34),
(51, 74, 50, '2023-08-11', 'Oil change', 119.76),
(52, 60, 56, '2023-02-21', 'Battery replacement', 293.48),
(53, 65, 33, '2023-05-02', 'Oil change', 415.52),
(54, 24, 12, '2023-09-23', 'Engine fix', 65.26),
(55, 4, 46, '2023-12-15', 'Battery replacement', 496.91),
(56, 20, 17, '2023-12-06', 'Brake inspection', 280.07),
(57, 61, 100, '2023-08-07', 'Air filter replacement', 263.94),
(58, 16, 5, '2023-10-26', 'Air filter replacement', 473.04),
(59, 15, 12, '2023-08-20', 'Battery replacement', 453.65),
(60, 11, 58, '2023-05-02', 'Oil change', 169.18),
(61, 39, 76, '2023-01-05', 'Tire rotation', 468.80),
(62, 90, 3, '2023-11-29', 'Brake inspection', 435.84),
(63, 33, 69, '2023-12-04', 'Air filter replacement', 135.43),
(64, 58, 40, '2023-10-27', 'Brake inspection', 260.76),
(65, 17, 73, '2023-04-18', 'Battery replacement', 453.29),
(66, 7, 47, '2023-10-20', 'Body fix', 329.45),
(67, 51, 46, '2023-10-20', 'Brake inspection', 358.40),
(68, 86, 2, '2023-03-10', 'Engine fix', 129.23),
(69, 48, 5, '2023-02-06', 'Engine fix', 424.02),
(70, 61, 98, '2023-03-18', 'Tire rotation', 146.62),
(71, 5, 19, '2023-09-09', 'Engine fix', 105.90),
(72, 24, 39, '2023-02-16', 'Battery replacement', 113.45),
(73, 60, 63, '2023-06-21', 'Engine fix', 452.34),
(74, 86, 45, '2023-04-01', 'Body fix', 345.28),
(75, 35, 14, '2023-02-28', 'Battery replacement', 471.29),
(76, 23, 12, '2023-03-06', 'Brake inspection', 456.37),
(77, 75, 20, '2023-05-18', 'Tire rotation', 391.94),
(78, 21, 78, '2023-07-31', 'Body fix', 59.23),
(79, 14, 41, '2023-04-01', 'Body fix', 377.39),
(80, 55, 33, '2023-07-04', 'Body fix', 283.12),
(81, 9, 24, '2023-04-11', 'Body fix', 440.39),
(82, 52, 25, '2023-06-14', 'Oil change', 114.22),
(83, 28, 68, '2023-06-21', 'Brake inspection', 435.42),
(84, 17, 72, '2023-10-13', 'Brake inspection', 333.91),
(85, 51, 70, '2023-04-27', 'Tire rotation', 110.12),
(86, 61, 43, '2023-07-24', 'Body fix', 121.95),
(87, 69, 70, '2023-04-20', 'Engine fix', 98.59),
(88, 63, 36, '2023-09-04', 'Oil change', 467.19),
(89, 36, 87, '2023-07-11', 'Oil change', 379.58),
(90, 69, 24, '2023-04-09', 'Oil change', 72.45),
(91, 6, 13, '2023-06-21', 'Engine fix', 202.27),
(92, 22, 81, '2023-06-12', 'Body fix', 70.11),
(93, 90, 70, '2023-05-03', 'Air filter replacement', 116.61),
(94, 55, 5, '2023-09-04', 'Engine fix', 162.24),
(95, 39, 15, '2023-07-01', 'Oil change', 337.86),
(96, 89, 58, '2023-04-07', 'Oil change', 461.21),
(97, 80, 8, '2023-08-26', 'Air filter replacement', 344.79),
(98, 59, 15, '2023-06-09', 'Engine fix', 282.92),
(99, 68, 32, '2023-12-18', 'Engine fix', 207.14),
(100, 96, 61, '2023-07-22', 'Brake inspection', 52.25),
(101, 58, 95, '2023-07-03', 'Air filter replacement', 408.59),
(102, 60, 70, '2023-03-13', 'Oil change', 496.14),
(103, 36, 45, '2024-01-01', 'Oil change', 389.54),
(104, 58, 12, '2023-03-31', 'Air filter replacement', 394.72),
(105, 97, 24, '2023-11-17', 'Brake inspection', 343.01),
(106, 30, 95, '2023-07-01', 'Battery replacement', 218.97),
(107, 72, 87, '2023-04-06', 'Brake inspection', 178.91),
(108, 24, 42, '2023-10-05', 'Engine fix', 225.20),
(109, 93, 75, '2023-02-14', 'Body fix', 102.41),
(110, 80, 69, '2023-02-07', 'Battery replacement', 97.11),
(111, 29, 20, '2023-06-17', 'Air filter replacement', 348.71),
(112, 36, 29, '2023-12-06', 'Engine fix', 421.18),
(113, 79, 62, '2023-12-31', 'Oil change', 113.51),
(114, 34, 66, '2023-03-11', 'Battery replacement', 57.71),
(115, 21, 96, '2023-09-06', 'Body fix', 283.00),
(116, 94, 17, '2023-08-06', 'Engine fix', 257.64),
(117, 57, 76, '2023-04-18', 'Body fix', 189.81),
(118, 29, 48, '2023-02-11', 'Body fix', 302.66),
(119, 98, 18, '2023-01-22', 'Body fix', 431.10),
(120, 52, 9, '2023-05-06', 'Body fix', 201.28),
(121, 9, 52, '2023-07-14', 'Body fix', 184.18),
(122, 17, 69, '2023-06-26', 'Brake inspection', 391.46),
(123, 49, 83, '2023-02-26', 'Air filter replacement', 454.95),
(124, 7, 98, '2023-11-24', 'Body fix', 437.83),
(125, 49, 60, '2023-04-24', 'Air filter replacement', 479.49),
(126, 32, 96, '2023-07-24', 'Brake inspection', 303.79),
(127, 72, 53, '2023-07-26', 'Engine fix', 347.56),
(128, 11, 28, '2023-02-22', 'Body fix', 363.92),
(129, 17, 94, '2023-01-01', 'Engine fix', 252.19),
(130, 47, 10, '2023-01-08', 'Oil change', 284.40),
(131, 50, 28, '2023-06-04', 'Air filter replacement', 345.30),
(132, 35, 64, '2023-07-23', 'Engine fix', 238.70),
(133, 32, 18, '2023-10-12', 'Engine fix', 76.94),
(134, 20, 41, '2023-12-16', 'Body fix', 103.00),
(135, 69, 9, '2023-03-13', 'Brake inspection', 212.09),
(136, 6, 1, '2023-06-07', 'Body fix', 138.13),
(137, 37, 12, '2023-11-10', 'Body fix', 359.18),
(138, 54, 11, '2023-12-17', 'Battery replacement', 282.93),
(139, 85, 47, '2023-07-30', 'Tire rotation', 333.98),
(140, 31, 2, '2023-11-08', 'Body fix', 105.56),
(141, 82, 42, '2023-07-30', 'Oil change', 252.23),
(142, 43, 37, '2023-09-30', 'Body fix', 98.50),
(143, 39, 97, '2023-09-14', 'Battery replacement', 228.42),
(144, 77, 35, '2023-10-20', 'Brake inspection', 301.23),
(145, 82, 61, '2023-10-04', 'Engine fix', 160.69),
(146, 87, 75, '2023-12-05', 'Tire rotation', 421.87),
(147, 79, 22, '2023-05-20', 'Oil change', 119.63),
(148, 11, 16, '2023-10-23', 'Tire rotation', 206.00),
(149, 37, 87, '2023-07-31', 'Oil change', 262.12),
(150, 77, 79, '2023-11-07', 'Oil change', 50.73),
(151, 84, 85, '2023-01-17', 'Brake inspection', 375.99),
(152, 76, 22, '2023-01-26', 'Engine fix', 79.02),
(153, 28, 71, '2023-06-08', 'Tire rotation', 188.71),
(154, 100, 37, '2023-09-13', 'Tire rotation', 207.43),
(155, 45, 75, '2023-08-11', 'Tire rotation', 270.42),
(156, 70, 66, '2023-08-12', 'Battery replacement', 403.02),
(157, 94, 10, '2023-03-03', 'Air filter replacement', 254.38),
(158, 18, 36, '2023-06-08', 'Brake inspection', 451.13),
(159, 16, 84, '2023-09-10', 'Engine fix', 469.75),
(160, 49, 69, '2023-12-15', 'Air filter replacement', 66.23),
(161, 37, 58, '2023-02-26', 'Battery replacement', 280.61),
(162, 97, 54, '2023-07-01', 'Body fix', 51.33),
(163, 33, 87, '2023-01-03', 'Body fix', 222.92),
(164, 92, 56, '2023-04-12', 'Battery replacement', 231.58),
(165, 95, 10, '2023-01-17', 'Oil change', 303.63),
(166, 81, 48, '2023-05-31', 'Body fix', 206.43),
(167, 48, 80, '2023-05-19', 'Oil change', 294.69),
(168, 18, 44, '2023-06-02', 'Engine fix', 116.51),
(169, 33, 98, '2023-09-06', 'Tire rotation', 275.88),
(170, 75, 2, '2023-08-31', 'Brake inspection', 411.01),
(171, 27, 66, '2023-04-09', 'Engine fix', 84.25),
(172, 42, 13, '2023-02-25', 'Body fix', 61.47),
(173, 14, 82, '2023-08-26', 'Brake inspection', 176.74),
(174, 85, 29, '2023-11-26', 'Battery replacement', 132.15),
(175, 81, 7, '2023-11-01', 'Tire rotation', 443.37),
(176, 42, 30, '2023-03-26', 'Oil change', 53.46),
(177, 14, 43, '2023-11-30', 'Air filter replacement', 158.14),
(178, 46, 99, '2023-08-03', 'Engine fix', 384.90),
(179, 46, 60, '2023-08-07', 'Engine fix', 184.11),
(180, 41, 72, '2023-12-12', 'Engine fix', 367.40),
(181, 41, 59, '2023-05-17', 'Air filter replacement', 152.95),
(182, 50, 95, '2023-01-28', 'Tire rotation', 212.50),
(183, 93, 71, '2023-12-17', 'Battery replacement', 432.34),
(184, 95, 71, '2023-04-04', 'Engine fix', 427.51),
(185, 82, 73, '2023-11-18', 'Engine fix', 277.80),
(186, 78, 64, '2023-03-23', 'Engine fix', 253.95),
(187, 76, 57, '2023-06-18', 'Engine fix', 166.73),
(188, 66, 51, '2023-03-20', 'Battery replacement', 159.90),
(189, 34, 72, '2023-09-04', 'Oil change', 327.23),
(190, 57, 98, '2023-02-13', 'Oil change', 379.25),
(191, 35, 94, '2023-06-21', 'Battery replacement', 286.00),
(192, 58, 1, '2023-12-25', 'Engine fix', 281.02),
(193, 30, 27, '2023-05-07', 'Body fix', 429.18),
(194, 81, 67, '2023-02-28', 'Tire rotation', 336.42),
(195, 69, 97, '2023-07-17', 'Tire rotation', 164.11),
(196, 92, 84, '2023-10-13', 'Air filter replacement', 93.69),
(197, 52, 6, '2023-05-12', 'Tire rotation', 426.30),
(198, 92, 78, '2023-02-20', 'Air filter replacement', 289.37),
(199, 76, 24, '2023-05-26', 'Battery replacement', 218.66),
(200, 93, 49, '2023-07-27', 'Brake inspection', 293.34),
(201, 6, 78, '2023-09-02', 'Brake inspection', 150.69),
(202, 100, 29, '2023-03-24', 'Brake inspection', 203.76),
(203, 32, 94, '2023-08-13', 'Battery replacement', 195.11),
(204, 54, 84, '2023-10-01', 'Air filter replacement', 96.06),
(205, 76, 58, '2023-10-17', 'Oil change', 456.84),
(206, 99, 57, '2023-11-09', 'Air filter replacement', 96.60),
(207, 13, 87, '2023-05-06', 'Brake inspection', 138.94),
(208, 86, 11, '2023-07-14', 'Brake inspection', 385.49),
(209, 45, 15, '2023-03-31', 'Engine fix', 140.52),
(210, 9, 67, '2023-07-15', 'Engine fix', 175.32),
(211, 86, 87, '2023-08-11', 'Brake inspection', 325.91),
(212, 9, 90, '2023-12-16', 'Air filter replacement', 242.64),
(213, 34, 83, '2023-01-16', 'Battery replacement', 211.21),
(214, 91, 97, '2023-11-07', 'Brake inspection', 158.44),
(215, 30, 86, '2023-08-06', 'Oil change', 177.29),
(216, 46, 36, '2023-11-26', 'Engine fix', 297.64),
(217, 71, 36, '2023-05-13', 'Body fix', 114.38),
(218, 14, 70, '2023-10-09', 'Engine fix', 126.12),
(219, 97, 55, '2023-05-08', 'Engine fix', 93.77),
(220, 24, 76, '2023-03-31', 'Body fix', 394.17),
(221, 46, 73, '2023-11-09', 'Battery replacement', 416.18),
(222, 45, 56, '2023-02-13', 'Tire rotation', 384.35),
(223, 41, 79, '2023-05-02', 'Oil change', 224.60),
(224, 48, 40, '2023-04-18', 'Brake inspection', 445.70),
(225, 35, 81, '2023-04-03', 'Air filter replacement', 368.30),
(226, 17, 41, '2023-08-22', 'Battery replacement', 233.83),
(227, 14, 23, '2023-08-01', 'Engine fix', 367.51),
(228, 10, 75, '2023-03-30', 'Tire rotation', 129.59),
(229, 2, 100, '2023-12-29', 'Brake inspection', 443.72),
(230, 19, 37, '2023-04-01', 'Body fix', 290.28),
(231, 47, 61, '2023-03-27', 'Air filter replacement', 59.40),
(232, 25, 79, '2023-01-18', 'Battery replacement', 328.59),
(233, 2, 7, '2023-08-21', 'Tire rotation', 306.91),
(234, 83, 48, '2023-12-16', 'Oil change', 303.57),
(235, 25, 78, '2023-07-18', 'Body fix', 409.96),
(236, 61, 27, '2023-04-02', 'Air filter replacement', 223.90),
(237, 90, 65, '2023-08-15', 'Oil change', 111.49),
(238, 66, 47, '2023-03-14', 'Battery replacement', 435.80),
(239, 26, 36, '2023-08-07', 'Engine fix', 221.10),
(240, 78, 76, '2023-10-27', 'Brake inspection', 276.77),
(241, 35, 33, '2023-11-16', 'Engine fix', 331.96),
(242, 5, 58, '2023-02-06', 'Engine fix', 224.10),
(243, 89, 96, '2023-07-09', 'Engine fix', 214.24),
(244, 4, 49, '2023-04-20', 'Brake inspection', 408.97),
(245, 21, 99, '2023-04-09', 'Tire rotation', 134.91),
(246, 15, 16, '2023-01-30', 'Body fix', 400.89),
(247, 43, 73, '2023-05-17', 'Tire rotation', 465.03),
(248, 20, 47, '2023-04-02', 'Brake inspection', 359.51),
(249, 46, 20, '2023-05-13', 'Brake inspection', 261.12),
(250, 85, 57, '2023-03-30', 'Engine fix', 197.34),
(251, 12, 13, '2023-07-31', 'Body fix', 176.25),
(252, 25, 47, '2023-10-14', 'Air filter replacement', 210.20),
(253, 72, 83, '2023-07-14', 'Oil change', 435.70),
(254, 26, 52, '2023-10-29', 'Tire rotation', 493.96),
(255, 69, 67, '2023-12-10', 'Tire rotation', 118.91),
(256, 10, 48, '2023-12-21', 'Engine fix', 349.97),
(257, 70, 68, '2023-05-17', 'Air filter replacement', 187.20),
(258, 78, 93, '2023-07-04', 'Tire rotation', 63.38),
(259, 4, 57, '2023-04-16', 'Brake inspection', 194.74),
(260, 46, 66, '2023-10-26', 'Air filter replacement', 88.29),
(261, 58, 38, '2023-05-11', 'Tire rotation', 356.01),
(262, 8, 21, '2023-05-09', 'Tire rotation', 487.60),
(263, 52, 71, '2023-01-21', 'Battery replacement', 89.51),
(264, 23, 67, '2023-07-10', 'Body fix', 160.75),
(265, 29, 46, '2023-02-01', 'Oil change', 280.58),
(266, 2, 75, '2023-11-29', 'Battery replacement', 320.59),
(267, 6, 89, '2023-10-05', 'Body fix', 486.79),
(268, 77, 65, '2023-09-01', 'Oil change', 337.88),
(269, 87, 4, '2023-04-21', 'Brake inspection', 106.45),
(270, 6, 6, '2023-02-22', 'Brake inspection', 179.03),
(271, 56, 11, '2023-11-03', 'Tire rotation', 477.24),
(272, 1, 20, '2023-12-30', 'Brake inspection', 334.49),
(273, 65, 52, '2023-12-19', 'Air filter replacement', 347.82),
(274, 41, 29, '2023-03-24', 'Oil change', 449.67),
(275, 34, 79, '2023-08-21', 'Body fix', 425.40),
(276, 77, 26, '2023-11-06', 'Battery replacement', 243.88),
(277, 38, 54, '2023-11-21', 'Brake inspection', 147.54),
(278, 87, 11, '2023-10-13', 'Tire rotation', 377.58),
(279, 46, 32, '2023-09-09', 'Tire rotation', 240.08),
(280, 67, 13, '2023-09-22', 'Battery replacement', 368.91),
(281, 81, 42, '2023-10-11', 'Battery replacement', 179.17),
(282, 34, 8, '2023-03-18', 'Engine fix', 147.70),
(283, 11, 92, '2023-11-29', 'Tire rotation', 449.76),
(284, 23, 16, '2023-06-06', 'Air filter replacement', 51.80),
(285, 71, 67, '2023-07-18', 'Oil change', 434.28),
(286, 40, 25, '2023-04-12', 'Brake inspection', 139.76),
(287, 94, 67, '2023-06-14', 'Tire rotation', 285.71),
(288, 89, 34, '2023-03-02', 'Body fix', 471.90),
(289, 37, 44, '2023-04-11', 'Oil change', 86.31),
(290, 20, 86, '2023-04-07', 'Oil change', 114.01),
(291, 42, 98, '2023-05-10', 'Battery replacement', 456.40),
(292, 63, 93, '2023-02-22', 'Battery replacement', 163.25),
(293, 3, 73, '2023-06-26', 'Air filter replacement', 142.72),
(294, 26, 87, '2023-03-28', 'Battery replacement', 149.93),
(295, 65, 45, '2023-01-15', 'Battery replacement', 317.51),
(296, 70, 89, '2023-01-09', 'Air filter replacement', 237.18),
(297, 83, 70, '2023-08-18', 'Body fix', 267.33),
(298, 55, 30, '2023-07-11', 'Brake inspection', 497.18),
(299, 84, 92, '2023-10-01', 'Tire rotation', 80.37),
(300, 11, 63, '2023-03-25', 'Battery replacement', 493.06),
(301, 35, 19, '2023-04-06', 'Tire rotation', 313.38),
(302, 34, 52, '2023-09-18', 'Body fix', 239.89),
(303, 18, 63, '2023-12-19', 'Battery replacement', 202.47),
(304, 86, 52, '2023-05-12', 'Brake inspection', 439.42),
(305, 78, 92, '2023-09-28', 'Air filter replacement', 205.84),
(306, 76, 66, '2023-12-27', 'Oil change', 70.47),
(307, 12, 28, '2023-05-02', 'Body fix', 368.62),
(308, 29, 41, '2023-01-02', 'Brake inspection', 225.06),
(309, 22, 30, '2023-12-12', 'Body fix', 142.80),
(310, 48, 76, '2023-12-02', 'Engine fix', 474.97),
(311, 23, 61, '2023-09-28', 'Oil change', 203.94),
(312, 2, 36, '2023-01-19', 'Body fix', 357.86),
(313, 84, 9, '2023-09-12', 'Body fix', 132.27),
(314, 91, 18, '2023-01-25', 'Brake inspection', 342.83),
(315, 22, 66, '2023-05-22', 'Air filter replacement', 248.21),
(316, 1, 38, '2023-05-19', 'Tire rotation', 462.20),
(317, 66, 27, '2023-01-27', 'Brake inspection', 385.94),
(318, 87, 69, '2023-11-27', 'Body fix', 167.61),
(319, 62, 20, '2023-04-22', 'Tire rotation', 479.97),
(320, 34, 5, '2023-04-29', 'Engine fix', 387.95),
(321, 47, 95, '2023-03-29', 'Tire rotation', 451.64),
(322, 6, 68, '2023-01-28', 'Body fix', 151.70),
(323, 15, 81, '2023-12-10', 'Engine fix', 444.32),
(324, 35, 66, '2023-12-09', 'Brake inspection', 371.84),
(325, 21, 94, '2023-10-23', 'Oil change', 489.01),
(326, 34, 65, '2023-08-11', 'Oil change', 51.95),
(327, 58, 21, '2023-08-18', 'Battery replacement', 60.63),
(328, 50, 42, '2023-05-09', 'Body fix', 249.76),
(329, 37, 15, '2023-02-06', 'Engine fix', 404.97),
(330, 20, 58, '2023-01-27', 'Body fix', 373.43),
(331, 82, 94, '2023-05-30', 'Air filter replacement', 362.95),
(332, 75, 96, '2023-01-31', 'Engine fix', 446.61),
(333, 7, 23, '2023-07-07', 'Battery replacement', 430.27),
(334, 80, 24, '2023-12-31', 'Brake inspection', 273.29),
(335, 85, 51, '2023-05-24', 'Brake inspection', 84.52),
(336, 29, 71, '2023-01-08', 'Brake inspection', 410.35),
(337, 67, 56, '2023-10-21', 'Tire rotation', 116.45),
(338, 18, 74, '2023-10-13', 'Brake inspection', 278.18),
(339, 62, 94, '2023-03-24', 'Body fix', 256.36),
(340, 60, 82, '2023-03-02', 'Battery replacement', 439.58),
(341, 93, 50, '2023-02-17', 'Brake inspection', 192.99),
(342, 97, 7, '2023-03-28', 'Engine fix', 64.29),
(343, 3, 95, '2023-08-22', 'Tire rotation', 273.48),
(344, 92, 51, '2023-06-28', 'Brake inspection', 76.45),
(345, 26, 89, '2023-09-20', 'Air filter replacement', 76.71),
(346, 85, 41, '2023-09-24', 'Body fix', 401.79),
(347, 98, 10, '2023-03-01', 'Brake inspection', 239.39),
(348, 67, 75, '2023-02-10', 'Air filter replacement', 453.65),
(349, 38, 22, '2023-02-04', 'Battery replacement', 405.66),
(350, 50, 55, '2023-03-22', 'Tire rotation', 74.03),
(351, 3, 84, '2023-10-23', 'Oil change', 381.78),
(352, 94, 64, '2023-12-17', 'Engine fix', 238.20),
(353, 39, 42, '2023-08-23', 'Engine fix', 339.01),
(354, 15, 35, '2023-09-09', 'Air filter replacement', 290.86),
(355, 9, 49, '2023-07-29', 'Brake inspection', 102.64),
(356, 52, 7, '2023-08-15', 'Brake inspection', 140.20),
(357, 54, 88, '2023-01-16', 'Tire rotation', 233.56),
(358, 74, 63, '2023-01-31', 'Air filter replacement', 460.74),
(359, 74, 7, '2023-10-01', 'Body fix', 99.34),
(360, 71, 78, '2023-05-20', 'Body fix', 275.62),
(361, 6, 49, '2023-05-13', 'Oil change', 472.32),
(362, 59, 23, '2023-03-10', 'Tire rotation', 480.61),
(363, 9, 31, '2023-09-22', 'Tire rotation', 443.98),
(364, 30, 67, '2023-12-24', 'Brake inspection', 405.69),
(365, 1, 74, '2023-04-17', 'Engine fix', 464.86),
(366, 16, 90, '2023-11-09', 'Tire rotation', 485.50),
(367, 50, 94, '2023-09-12', 'Battery replacement', 458.47),
(368, 94, 87, '2023-03-24', 'Brake inspection', 114.42),
(369, 31, 18, '2023-07-23', 'Brake inspection', 373.86),
(370, 44, 7, '2023-11-28', 'Body fix', 109.94),
(371, 11, 25, '2023-03-10', 'Engine fix', 251.39),
(372, 100, 55, '2023-11-22', 'Oil change', 247.63),
(373, 56, 92, '2023-01-09', 'Body fix', 273.13),
(374, 56, 34, '2023-03-12', 'Battery replacement', 342.91),
(375, 97, 61, '2023-10-20', 'Body fix', 298.22),
(376, 80, 24, '2023-11-24', 'Engine fix', 140.15),
(377, 34, 19, '2023-08-22', 'Oil change', 225.85),
(378, 1, 95, '2023-08-31', 'Air filter replacement', 384.53),
(379, 92, 71, '2023-10-02', 'Air filter replacement', 406.70),
(380, 73, 76, '2023-01-09', 'Body fix', 68.73),
(381, 80, 49, '2023-11-19', 'Tire rotation', 216.20),
(382, 73, 78, '2023-02-28', 'Tire rotation', 80.90),
(383, 91, 3, '2023-04-01', 'Body fix', 369.09),
(384, 13, 20, '2023-04-16', 'Oil change', 437.83),
(385, 64, 54, '2023-08-28', 'Engine fix', 272.43),
(386, 96, 64, '2023-12-21', 'Engine fix', 387.58),
(387, 86, 53, '2023-04-21', 'Battery replacement', 241.45),
(388, 6, 56, '2023-07-13', 'Oil change', 87.12),
(389, 72, 21, '2023-04-12', 'Tire rotation', 139.55),
(390, 72, 29, '2023-03-16', 'Tire rotation', 361.02),
(391, 5, 97, '2023-03-02', 'Air filter replacement', 205.94),
(392, 4, 30, '2023-04-29', 'Brake inspection', 147.43),
(393, 29, 72, '2023-08-20', 'Tire rotation', 498.65),
(394, 58, 37, '2023-03-27', 'Body fix', 283.61),
(395, 41, 96, '2023-05-31', 'Battery replacement', 220.68),
(396, 74, 11, '2023-07-18', 'Air filter replacement', 272.23),
(397, 75, 18, '2023-11-06', 'Air filter replacement', 490.76),
(398, 20, 41, '2023-06-10', 'Body fix', 398.87),
(399, 12, 52, '2023-09-18', 'Oil change', 461.91),
(401, 1, 10, '2024-12-17', 'xx', 11.00);

-- --------------------------------------------------------

--
-- Table structure for table `user_account`
--

CREATE TABLE `user_account` (
  `username` varchar(50) NOT NULL,
  `password` varchar(255) NOT NULL
) ENGINE=InnoDB DEFAULT CHARSET=utf8mb4 COLLATE=utf8mb4_general_ci;

--
-- Dumping data for table `user_account`
--

INSERT INTO `user_account` (`username`, `password`) VALUES
('ali', 'abc'),
('anas', '123'),
('f', '1'),
('k', '123'),
('kareem', 'k'),
('kk', 'k'),
('rami', '1'),
('user1', '123'),
('user2', '12345'),
('user3', '123456');

--
-- Indexes for dumped tables
--

--
-- Indexes for table `cars`
--
ALTER TABLE `cars`
  ADD PRIMARY KEY (`CarID`),
  ADD UNIQUE KEY `VIN` (`VIN`),
  ADD KEY `idx_car_make` (`Make`);

--
-- Indexes for table `customers`
--
ALTER TABLE `customers`
  ADD PRIMARY KEY (`CustomerID`),
  ADD UNIQUE KEY `Email` (`Email`),
  ADD KEY `idx_customer_email` (`Email`);

--
-- Indexes for table `employees`
--
ALTER TABLE `employees`
  ADD PRIMARY KEY (`EmployeeID`);

--
-- Indexes for table `orders`
--
ALTER TABLE `orders`
  ADD PRIMARY KEY (`OrderID`),
  ADD KEY `CarID` (`CarID`),
  ADD KEY `CustomerID` (`CustomerID`),
  ADD KEY `EmployeeID` (`EmployeeID`),
  ADD KEY `idx_order_date` (`OrderDate`);

--
-- Indexes for table `payments`
--
ALTER TABLE `payments`
  ADD PRIMARY KEY (`PaymentID`),
  ADD KEY `OrderID` (`OrderID`),
  ADD KEY `idx_payment_date` (`PaymentDate`);

--
-- Indexes for table `services`
--
ALTER TABLE `services`
  ADD PRIMARY KEY (`ServiceID`),
  ADD KEY `CarID` (`CarID`),
  ADD KEY `CustomerID` (`CustomerID`);

--
-- Indexes for table `user_account`
--
ALTER TABLE `user_account`
  ADD PRIMARY KEY (`username`);

--
-- AUTO_INCREMENT for dumped tables
--

--
-- AUTO_INCREMENT for table `cars`
--
ALTER TABLE `cars`
  MODIFY `CarID` int(11) NOT NULL AUTO_INCREMENT, AUTO_INCREMENT=622;

--
-- AUTO_INCREMENT for table `customers`
--
ALTER TABLE `customers`
  MODIFY `CustomerID` int(11) NOT NULL AUTO_INCREMENT, AUTO_INCREMENT=606;

--
-- AUTO_INCREMENT for table `employees`
--
ALTER TABLE `employees`
  MODIFY `EmployeeID` int(11) NOT NULL AUTO_INCREMENT, AUTO_INCREMENT=41;

--
-- AUTO_INCREMENT for table `orders`
--
ALTER TABLE `orders`
  MODIFY `OrderID` int(11) NOT NULL AUTO_INCREMENT, AUTO_INCREMENT=181;

--
-- AUTO_INCREMENT for table `payments`
--
ALTER TABLE `payments`
  MODIFY `PaymentID` int(11) NOT NULL AUTO_INCREMENT, AUTO_INCREMENT=129;

--
-- AUTO_INCREMENT for table `services`
--
ALTER TABLE `services`
  MODIFY `ServiceID` int(11) NOT NULL AUTO_INCREMENT, AUTO_INCREMENT=402;

--
-- Constraints for dumped tables
--

--
-- Constraints for table `orders`
--
ALTER TABLE `orders`
  ADD CONSTRAINT `orders_ibfk_1` FOREIGN KEY (`CarID`) REFERENCES `cars` (`CarID`),
  ADD CONSTRAINT `orders_ibfk_2` FOREIGN KEY (`CustomerID`) REFERENCES `customers` (`CustomerID`),
  ADD CONSTRAINT `orders_ibfk_3` FOREIGN KEY (`EmployeeID`) REFERENCES `employees` (`EmployeeID`);

--
-- Constraints for table `payments`
--
ALTER TABLE `payments`
  ADD CONSTRAINT `payments_ibfk_1` FOREIGN KEY (`OrderID`) REFERENCES `orders` (`OrderID`);

--
-- Constraints for table `services`
--
ALTER TABLE `services`
  ADD CONSTRAINT `services_ibfk_1` FOREIGN KEY (`CarID`) REFERENCES `cars` (`CarID`),
  ADD CONSTRAINT `services_ibfk_2` FOREIGN KEY (`CustomerID`) REFERENCES `customers` (`CustomerID`);
COMMIT;

/*!40101 SET CHARACTER_SET_CLIENT=@OLD_CHARACTER_SET_CLIENT */;
/*!40101 SET CHARACTER_SET_RESULTS=@OLD_CHARACTER_SET_RESULTS */;
/*!40101 SET COLLATION_CONNECTION=@OLD_COLLATION_CONNECTION */;
